x,y,theta
-2.36,-0.06,0.0
-2.36,-0.01,0.0
-2.36,0.04,0.0
-2.31,-0.16,0.0
-2.31,-0.11,0.0
-2.31,-0.06,0.0
-2.31,-0.01,0.0
-2.31,0.04,0.0
-2.31,0.09,0.0
-2.31,0.14,0.0
-2.31,0.19,0.0
-2.26,-0.31,0.0
-2.26,-0.26,0.0
-2.26,-0.21,0.0
-2.26,-0.16,0.0
-2.26,-0.11,0.0
-2.26,-0.06,0.0
-2.26,-0.01,0.0
-2.26,0.04,0.0
-2.26,0.09,0.0
-2.26,0.14,0.0
-2.26,0.19,0.0
-2.26,0.24,0.0
-2.26,0.29,0.0
-2.21,-0.41,0.0
-2.21,-0.36,0.0
-2.21,-0.31,0.0
-2.21,-0.26,0.0
-2.21,-0.21,0.0
-2.21,-0.16,0.0
-2.21,-0.11,0.0
-2.21,-0.06,0.0
-2.21,-0.01,0.0
-2.21,0.04,0.0
-2.21,0.09,0.0
-2.21,0.14,0.0
-2.21,0.19,0.0
-2.21,0.24,0.0
-2.21,0.29,0.0
-2.21,0.34,0.0
-2.21,0.39,0.0
-2.21,0.44,0.0
-2.16,-0.56,0.0
-2.16,-0.51,0.0
-2.16,-0.46,0.0
-2.16,-0.41,0.0
-2.16,-0.36,0.0
-2.16,-0.31,0.0
-2.16,-0.26,0.0
-2.16,-0.21,0.0
-2.16,-0.16,0.0
-2.16,-0.11,0.0
-2.16,-0.06,0.0
-2.16,-0.01,0.0
-2.16,0.04,0.0
-2.16,0.09,0.0
-2.16,0.14,0.0
-2.16,0.19,0.0
-2.16,0.24,0.0
-2.16,0.29,0.0
-2.16,0.34,0.0
-2.16,0.39,0.0
-2.16,0.44,0.0
-2.16,0.49,0.0
-2.16,0.54,0.0
-2.11,-0.66,0.0
-2.11,-0.61,0.0
-2.11,-0.56,0.0
-2.11,-0.51,0.0
-2.11,-0.46,0.0
-2.11,-0.41,0.0
-2.11,-0.36,0.0
-2.11,-0.31,0.0
-2.11,-0.26,0.0
-2.11,-0.21,0.0
-2.11,-0.16,0.0
-2.11,-0.11,0.0
-2.11,-0.06,0.0
-2.11,-0.01,0.0
-2.11,0.04,0.0
-2.11,0.09,0.0
-2.11,0.14,0.0
-2.11,0.19,0.0
-2.11,0.24,0.0
-2.11,0.29,0.0
-2.11,0.34,0.0
-2.11,0.39,0.0
-2.11,0.44,0.0
-2.11,0.49,0.0
-2.11,0.54,0.0
-2.11,0.59,0.0
-2.11,0.64,0.0
-2.11,0.69,0.0
-2.06,-0.81,0.0
-2.06,-0.76,0.0
-2.06,-0.71,0.0
-2.06,-0.66,0.0
-2.06,-0.61,0.0
-2.06,-0.56,0.0
-2.06,-0.51,0.0
-2.06,-0.46,0.0
-2.06,-0.41,0.0
-2.06,-0.36,0.0
-2.06,-0.31,0.0
-2.06,-0.26,0.0
-2.06,-0.21,0.0
-2.06,-0.16,0.0
-2.06,-0.11,0.0
-2.06,-0.06,0.0
-2.06,-0.01,0.0
-2.06,0.04,0.0
-2.06,0.09,0.0
-2.06,0.14,0.0
-2.06,0.19,0.0
-2.06,0.24,0.0
-2.06,0.29,0.0
-2.06,0.34,0.0
-2.06,0.39,0.0
-2.06,0.44,0.0
-2.06,0.49,0.0
-2.06,0.54,0.0
-2.06,0.59,0.0
-2.06,0.64,0.0
-2.06,0.69,0.0
-2.06,0.74,0.0
-2.06,0.79,0.0
-2.01,-0.91,0.0
-2.01,-0.86,0.0
-2.01,-0.81,0.0
-2.01,-0.76,0.0
-2.01,-0.71,0.0
-2.01,-0.66,0.0
-2.01,-0.61,0.0
-2.01,-0.56,0.0
-2.01,-0.51,0.0
-2.01,-0.46,0.0
-2.01,-0.41,0.0
-2.01,-0.36,0.0
-2.01,-0.31,0.0
-2.01,-0.26,0.0
-2.01,-0.21,0.0
-2.01,-0.16,0.0
-2.01,-0.11,0.0
-2.01,-0.06,0.0
-2.01,-0.01,0.0
-2.01,0.04,0.0
-2.01,0.09,0.0
-2.01,0.14,0.0
-2.01,0.19,0.0
-2.01,0.24,0.0
-2.01,0.29,0.0
-2.01,0.34,0.0
-2.01,0.39,0.0
-2.01,0.44,0.0
-2.01,0.49,0.0
-2.01,0.54,0.0
-2.01,0.59,0.0
-2.01,0.64,0.0
-2.01,0.69,0.0
-2.01,0.74,0.0
-2.01,0.79,0.0
-2.01,0.84,0.0
-2.01,0.89,0.0
-1.96,-1.01,0.0
-1.96,-0.96,0.0
-1.96,-0.91,0.0
-1.96,-0.86,0.0
-1.96,-0.81,0.0
-1.96,-0.76,0.0
-1.96,-0.71,0.0
-1.96,-0.66,0.0
-1.96,-0.61,0.0
-1.96,-0.56,0.0
-1.96,-0.51,0.0
-1.96,-0.46,0.0
-1.96,-0.41,0.0
-1.96,-0.36,0.0
-1.96,-0.31,0.0
-1.96,-0.26,0.0
-1.96,-0.21,0.0
-1.96,-0.16,0.0
-1.96,-0.11,0.0
-1.96,-0.06,0.0
-1.96,-0.01,0.0
-1.96,0.04,0.0
-1.96,0.09,0.0
-1.96,0.14,0.0
-1.96,0.19,0.0
-1.96,0.24,0.0
-1.96,0.29,0.0
-1.96,0.34,0.0
-1.96,0.39,0.0
-1.96,0.44,0.0
-1.96,0.49,0.0
-1.96,0.54,0.0
-1.96,0.59,0.0
-1.96,0.64,0.0
-1.96,0.69,0.0
-1.96,0.74,0.0
-1.96,0.79,0.0
-1.96,0.84,0.0
-1.96,0.89,0.0
-1.96,0.94,0.0
-1.96,0.99,0.0
-1.96,1.04,0.0
-1.91,-1.16,0.0
-1.91,-1.11,0.0
-1.91,-1.06,0.0
-1.91,-1.01,0.0
-1.91,-0.96,0.0
-1.91,-0.91,0.0
-1.91,-0.86,0.0
-1.91,-0.81,0.0
-1.91,-0.76,0.0
-1.91,-0.71,0.0
-1.91,-0.66,0.0
-1.91,-0.61,0.0
-1.91,-0.56,0.0
-1.91,-0.51,0.0
-1.91,-0.46,0.0
-1.91,-0.41,0.0
-1.91,-0.36,0.0
-1.91,-0.31,0.0
-1.91,-0.26,0.0
-1.91,-0.21,0.0
-1.91,-0.16,0.0
-1.91,-0.11,0.0
-1.91,-0.06,0.0
-1.91,-0.01,0.0
-1.91,0.04,0.0
-1.91,0.09,0.0
-1.91,0.14,0.0
-1.91,0.19,0.0
-1.91,0.24,0.0
-1.91,0.29,0.0
-1.91,0.34,0.0
-1.91,0.39,0.0
-1.91,0.44,0.0
-1.91,0.49,0.0
-1.91,0.54,0.0
-1.91,0.59,0.0
-1.91,0.64,0.0
-1.91,0.69,0.0
-1.91,0.74,0.0
-1.91,0.79,0.0
-1.91,0.84,0.0
-1.91,0.89,0.0
-1.91,0.94,0.0
-1.91,0.99,0.0
-1.91,1.04,0.0
-1.91,1.09,0.0
-1.91,1.14,0.0
-1.86,-1.26,0.0
-1.86,-1.21,0.0
-1.86,-1.16,0.0
-1.86,-1.11,0.0
-1.86,-1.06,0.0
-1.86,-1.01,0.0
-1.86,-0.96,0.0
-1.86,-0.91,0.0
-1.86,-0.86,0.0
-1.86,-0.81,0.0
-1.86,-0.76,0.0
-1.86,-0.71,0.0
-1.86,-0.66,0.0
-1.86,-0.61,0.0
-1.86,-0.56,0.0
-1.86,-0.51,0.0
-1.86,-0.46,0.0
-1.86,-0.41,0.0
-1.86,-0.36,0.0
-1.86,-0.31,0.0
-1.86,-0.26,0.0
-1.86,-0.21,0.0
-1.86,-0.16,0.0
-1.86,-0.11,0.0
-1.86,-0.06,0.0
-1.86,-0.01,0.0
-1.86,0.04,0.0
-1.86,0.09,0.0
-1.86,0.14,0.0
-1.86,0.19,0.0
-1.86,0.24,0.0
-1.86,0.29,0.0
-1.86,0.34,0.0
-1.86,0.39,0.0
-1.86,0.44,0.0
-1.86,0.49,0.0
-1.86,0.54,0.0
-1.86,0.59,0.0
-1.86,0.64,0.0
-1.86,0.69,0.0
-1.86,0.74,0.0
-1.86,0.79,0.0
-1.86,0.84,0.0
-1.86,0.89,0.0
-1.86,0.94,0.0
-1.86,0.99,0.0
-1.86,1.04,0.0
-1.86,1.09,0.0
-1.86,1.14,0.0
-1.86,1.19,0.0
-1.86,1.24,0.0
-1.86,1.29,0.0
-1.81,-1.41,0.0
-1.81,-1.36,0.0
-1.81,-1.31,0.0
-1.81,-1.26,0.0
-1.81,-1.21,0.0
-1.81,-1.16,0.0
-1.81,-1.11,0.0
-1.81,-1.06,0.0
-1.81,-1.01,0.0
-1.81,-0.96,0.0
-1.81,-0.91,0.0
-1.81,-0.86,0.0
-1.81,-0.81,0.0
-1.81,-0.76,0.0
-1.81,-0.71,0.0
-1.81,-0.66,0.0
-1.81,-0.61,0.0
-1.81,-0.56,0.0
-1.81,-0.51,0.0
-1.81,-0.46,0.0
-1.81,-0.41,0.0
-1.81,-0.36,0.0
-1.81,-0.31,0.0
-1.81,-0.26,0.0
-1.81,-0.21,0.0
-1.81,-0.16,0.0
-1.81,-0.11,0.0
-1.81,-0.06,0.0
-1.81,-0.01,0.0
-1.81,0.04,0.0
-1.81,0.09,0.0
-1.81,0.14,0.0
-1.81,0.19,0.0
-1.81,0.24,0.0
-1.81,0.29,0.0
-1.81,0.34,0.0
-1.81,0.39,0.0
-1.81,0.44,0.0
-1.81,0.49,0.0
-1.81,0.54,0.0
-1.81,0.59,0.0
-1.81,0.64,0.0
-1.81,0.69,0.0
-1.81,0.74,0.0
-1.81,0.79,0.0
-1.81,0.84,0.0
-1.81,0.89,0.0
-1.81,0.94,0.0
-1.81,0.99,0.0
-1.81,1.04,0.0
-1.81,1.09,0.0
-1.81,1.14,0.0
-1.81,1.19,0.0
-1.81,1.24,0.0
-1.81,1.29,0.0
-1.81,1.34,0.0
-1.81,1.39,0.0
-1.76,-1.51,0.0
-1.76,-1.46,0.0
-1.76,-1.41,0.0
-1.76,-1.36,0.0
-1.76,-1.31,0.0
-1.76,-1.26,0.0
-1.76,-1.21,0.0
-1.76,-1.16,0.0
-1.76,-1.11,0.0
-1.76,-1.06,0.0
-1.76,-1.01,0.0
-1.76,-0.96,0.0
-1.76,-0.91,0.0
-1.76,-0.86,0.0
-1.76,-0.81,0.0
-1.76,-0.76,0.0
-1.76,-0.71,0.0
-1.76,-0.66,0.0
-1.76,-0.61,0.0
-1.76,-0.56,0.0
-1.76,-0.51,0.0
-1.76,-0.46,0.0
-1.76,-0.41,0.0
-1.76,-0.36,0.0
-1.76,-0.31,0.0
-1.76,-0.26,0.0
-1.76,-0.21,0.0
-1.76,-0.16,0.0
-1.76,-0.11,0.0
-1.76,-0.06,0.0
-1.76,-0.01,0.0
-1.76,0.04,0.0
-1.76,0.09,0.0
-1.76,0.14,0.0
-1.76,0.19,0.0
-1.76,0.24,0.0
-1.76,0.29,0.0
-1.76,0.34,0.0
-1.76,0.39,0.0
-1.76,0.44,0.0
-1.76,0.49,0.0
-1.76,0.54,0.0
-1.76,0.59,0.0
-1.76,0.64,0.0
-1.76,0.69,0.0
-1.76,0.74,0.0
-1.76,0.79,0.0
-1.76,0.84,0.0
-1.76,0.89,0.0
-1.76,0.94,0.0
-1.76,0.99,0.0
-1.76,1.04,0.0
-1.76,1.09,0.0
-1.76,1.14,0.0
-1.76,1.19,0.0
-1.76,1.24,0.0
-1.76,1.29,0.0
-1.76,1.34,0.0
-1.76,1.39,0.0
-1.76,1.44,0.0
-1.76,1.49,0.0
-1.76,1.54,0.0
-1.71,-1.66,0.0
-1.71,-1.61,0.0
-1.71,-1.56,0.0
-1.71,-1.51,0.0
-1.71,-1.46,0.0
-1.71,-1.41,0.0
-1.71,-1.36,0.0
-1.71,-1.31,0.0
-1.71,-1.26,0.0
-1.71,-1.21,0.0
-1.71,-1.16,0.0
-1.71,-1.11,0.0
-1.71,-1.06,0.0
-1.71,-1.01,0.0
-1.71,-0.96,0.0
-1.71,-0.91,0.0
-1.71,-0.86,0.0
-1.71,-0.81,0.0
-1.71,-0.76,0.0
-1.71,-0.71,0.0
-1.71,-0.66,0.0
-1.71,-0.61,0.0
-1.71,-0.56,0.0
-1.71,-0.51,0.0
-1.71,-0.46,0.0
-1.71,-0.41,0.0
-1.71,-0.36,0.0
-1.71,-0.31,0.0
-1.71,-0.26,0.0
-1.71,-0.21,0.0
-1.71,-0.16,0.0
-1.71,-0.11,0.0
-1.71,-0.06,0.0
-1.71,-0.01,0.0
-1.71,0.04,0.0
-1.71,0.09,0.0
-1.71,0.14,0.0
-1.71,0.19,0.0
-1.71,0.24,0.0
-1.71,0.29,0.0
-1.71,0.34,0.0
-1.71,0.39,0.0
-1.71,0.44,0.0
-1.71,0.49,0.0
-1.71,0.54,0.0
-1.71,0.59,0.0
-1.71,0.64,0.0
-1.71,0.69,0.0
-1.71,0.74,0.0
-1.71,0.79,0.0
-1.71,0.84,0.0
-1.71,0.89,0.0
-1.71,0.94,0.0
-1.71,0.99,0.0
-1.71,1.04,0.0
-1.71,1.09,0.0
-1.71,1.14,0.0
-1.71,1.19,0.0
-1.71,1.24,0.0
-1.71,1.29,0.0
-1.71,1.34,0.0
-1.71,1.39,0.0
-1.71,1.44,0.0
-1.71,1.49,0.0
-1.71,1.54,0.0
-1.71,1.59,0.0
-1.71,1.64,0.0
-1.66,-1.71,0.0
-1.66,-1.66,0.0
-1.66,-1.61,0.0
-1.66,-1.56,0.0
-1.66,-1.51,0.0
-1.66,-1.46,0.0
-1.66,-1.41,0.0
-1.66,-1.36,0.0
-1.66,-1.31,0.0
-1.66,-1.26,0.0
-1.66,-1.21,0.0
-1.66,-1.16,0.0
-1.66,-1.11,0.0
-1.66,-1.06,0.0
-1.66,-1.01,0.0
-1.66,-0.96,0.0
-1.66,-0.91,0.0
-1.66,-0.86,0.0
-1.66,-0.81,0.0
-1.66,-0.76,0.0
-1.66,-0.71,0.0
-1.66,-0.66,0.0
-1.66,-0.61,0.0
-1.66,-0.56,0.0
-1.66,-0.51,0.0
-1.66,-0.46,0.0
-1.66,-0.41,0.0
-1.66,-0.36,0.0
-1.66,-0.31,0.0
-1.66,-0.26,0.0
-1.66,-0.21,0.0
-1.66,-0.16,0.0
-1.66,-0.11,0.0
-1.66,-0.06,0.0
-1.66,-0.01,0.0
-1.66,0.04,0.0
-1.66,0.09,0.0
-1.66,0.14,0.0
-1.66,0.19,0.0
-1.66,0.24,0.0
-1.66,0.29,0.0
-1.66,0.34,0.0
-1.66,0.39,0.0
-1.66,0.44,0.0
-1.66,0.49,0.0
-1.66,0.54,0.0
-1.66,0.59,0.0
-1.66,0.64,0.0
-1.66,0.69,0.0
-1.66,0.74,0.0
-1.66,0.79,0.0
-1.66,0.84,0.0
-1.66,0.89,0.0
-1.66,0.94,0.0
-1.66,0.99,0.0
-1.66,1.04,0.0
-1.66,1.09,0.0
-1.66,1.14,0.0
-1.66,1.19,0.0
-1.66,1.24,0.0
-1.66,1.29,0.0
-1.66,1.34,0.0
-1.66,1.39,0.0
-1.66,1.44,0.0
-1.66,1.49,0.0
-1.66,1.54,0.0
-1.66,1.59,0.0
-1.66,1.64,0.0
-1.66,1.69,0.0
-1.61,-1.71,0.0
-1.61,-1.66,0.0
-1.61,-1.61,0.0
-1.61,-1.56,0.0
-1.61,-1.51,0.0
-1.61,-1.46,0.0
-1.61,-1.41,0.0
-1.61,-1.36,0.0
-1.61,-1.31,0.0
-1.61,-1.26,0.0
-1.61,-1.21,0.0
-1.61,-1.16,0.0
-1.61,-1.11,0.0
-1.61,-1.06,0.0
-1.61,-1.01,0.0
-1.61,-0.96,0.0
-1.61,-0.91,0.0
-1.61,-0.86,0.0
-1.61,-0.81,0.0
-1.61,-0.76,0.0
-1.61,-0.71,0.0
-1.61,-0.66,0.0
-1.61,-0.61,0.0
-1.61,-0.56,0.0
-1.61,-0.51,0.0
-1.61,-0.46,0.0
-1.61,-0.41,0.0
-1.61,-0.36,0.0
-1.61,-0.31,0.0
-1.61,-0.26,0.0
-1.61,-0.21,0.0
-1.61,-0.16,0.0
-1.61,-0.11,0.0
-1.61,-0.06,0.0
-1.61,-0.01,0.0
-1.61,0.04,0.0
-1.61,0.09,0.0
-1.61,0.14,0.0
-1.61,0.19,0.0
-1.61,0.24,0.0
-1.61,0.29,0.0
-1.61,0.34,0.0
-1.61,0.39,0.0
-1.61,0.44,0.0
-1.61,0.49,0.0
-1.61,0.54,0.0
-1.61,0.59,0.0
-1.61,0.64,0.0
-1.61,0.69,0.0
-1.61,0.74,0.0
-1.61,0.79,0.0
-1.61,0.84,0.0
-1.61,0.89,0.0
-1.61,0.94,0.0
-1.61,0.99,0.0
-1.61,1.04,0.0
-1.61,1.09,0.0
-1.61,1.14,0.0
-1.61,1.19,0.0
-1.61,1.24,0.0
-1.61,1.29,0.0
-1.61,1.34,0.0
-1.61,1.39,0.0
-1.61,1.44,0.0
-1.61,1.49,0.0
-1.61,1.54,0.0
-1.61,1.59,0.0
-1.61,1.64,0.0
-1.61,1.69,0.0
-1.56,-1.71,0.0
-1.56,-1.66,0.0
-1.56,-1.61,0.0
-1.56,-1.56,0.0
-1.56,-1.51,0.0
-1.56,-1.46,0.0
-1.56,-1.41,0.0
-1.56,-1.36,0.0
-1.56,-1.31,0.0
-1.56,-1.26,0.0
-1.56,-1.21,0.0
-1.56,-1.16,0.0
-1.56,-1.11,0.0
-1.56,-1.06,0.0
-1.56,-1.01,0.0
-1.56,-0.96,0.0
-1.56,-0.91,0.0
-1.56,-0.86,0.0
-1.56,-0.81,0.0
-1.56,-0.76,0.0
-1.56,-0.71,0.0
-1.56,-0.66,0.0
-1.56,-0.61,0.0
-1.56,-0.56,0.0
-1.56,-0.51,0.0
-1.56,-0.46,0.0
-1.56,-0.41,0.0
-1.56,-0.36,0.0
-1.56,-0.31,0.0
-1.56,-0.26,0.0
-1.56,-0.21,0.0
-1.56,-0.16,0.0
-1.56,-0.11,0.0
-1.56,-0.06,0.0
-1.56,-0.01,0.0
-1.56,0.04,0.0
-1.56,0.09,0.0
-1.56,0.14,0.0
-1.56,0.19,0.0
-1.56,0.24,0.0
-1.56,0.29,0.0
-1.56,0.34,0.0
-1.56,0.39,0.0
-1.56,0.44,0.0
-1.56,0.49,0.0
-1.56,0.54,0.0
-1.56,0.59,0.0
-1.56,0.64,0.0
-1.56,0.69,0.0
-1.56,0.74,0.0
-1.56,0.79,0.0
-1.56,0.84,0.0
-1.56,0.89,0.0
-1.56,0.94,0.0
-1.56,0.99,0.0
-1.56,1.04,0.0
-1.56,1.09,0.0
-1.56,1.14,0.0
-1.56,1.19,0.0
-1.56,1.24,0.0
-1.56,1.29,0.0
-1.56,1.34,0.0
-1.56,1.39,0.0
-1.56,1.44,0.0
-1.56,1.49,0.0
-1.56,1.54,0.0
-1.56,1.59,0.0
-1.56,1.64,0.0
-1.56,1.69,0.0
-1.56,1.74,0.0
-1.51,-1.76,0.0
-1.51,-1.71,0.0
-1.51,-1.66,0.0
-1.51,-1.61,0.0
-1.51,-1.56,0.0
-1.51,-1.51,0.0
-1.51,-1.46,0.0
-1.51,-1.41,0.0
-1.51,-1.36,0.0
-1.51,-1.31,0.0
-1.51,-1.26,0.0
-1.51,-1.21,0.0
-1.51,-1.16,0.0
-1.51,-1.11,0.0
-1.51,-1.06,0.0
-1.51,-1.01,0.0
-1.51,-0.96,0.0
-1.51,-0.91,0.0
-1.51,-0.86,0.0
-1.51,-0.81,0.0
-1.51,-0.76,0.0
-1.51,-0.71,0.0
-1.51,-0.66,0.0
-1.51,-0.61,0.0
-1.51,-0.56,0.0
-1.51,-0.51,0.0
-1.51,-0.46,0.0
-1.51,-0.41,0.0
-1.51,-0.36,0.0
-1.51,-0.31,0.0
-1.51,-0.26,0.0
-1.51,-0.21,0.0
-1.51,-0.16,0.0
-1.51,-0.11,0.0
-1.51,-0.06,0.0
-1.51,-0.01,0.0
-1.51,0.04,0.0
-1.51,0.09,0.0
-1.51,0.14,0.0
-1.51,0.19,0.0
-1.51,0.24,0.0
-1.51,0.29,0.0
-1.51,0.34,0.0
-1.51,0.39,0.0
-1.51,0.44,0.0
-1.51,0.49,0.0
-1.51,0.54,0.0
-1.51,0.59,0.0
-1.51,0.64,0.0
-1.51,0.69,0.0
-1.51,0.74,0.0
-1.51,0.79,0.0
-1.51,0.84,0.0
-1.51,0.89,0.0
-1.51,0.94,0.0
-1.51,0.99,0.0
-1.51,1.04,0.0
-1.51,1.09,0.0
-1.51,1.14,0.0
-1.51,1.19,0.0
-1.51,1.24,0.0
-1.51,1.29,0.0
-1.51,1.34,0.0
-1.51,1.39,0.0
-1.51,1.44,0.0
-1.51,1.49,0.0
-1.51,1.54,0.0
-1.51,1.59,0.0
-1.51,1.64,0.0
-1.51,1.69,0.0
-1.51,1.74,0.0
-1.46,-1.76,0.0
-1.46,-1.71,0.0
-1.46,-1.66,0.0
-1.46,-1.61,0.0
-1.46,-1.56,0.0
-1.46,-1.51,0.0
-1.46,-1.46,0.0
-1.46,-1.41,0.0
-1.46,-1.36,0.0
-1.46,-1.31,0.0
-1.46,-1.26,0.0
-1.46,-1.21,0.0
-1.46,-1.16,0.0
-1.46,-1.11,0.0
-1.46,-1.06,0.0
-1.46,-1.01,0.0
-1.46,-0.96,0.0
-1.46,-0.91,0.0
-1.46,-0.86,0.0
-1.46,-0.81,0.0
-1.46,-0.76,0.0
-1.46,-0.71,0.0
-1.46,-0.66,0.0
-1.46,-0.61,0.0
-1.46,-0.56,0.0
-1.46,-0.51,0.0
-1.46,-0.46,0.0
-1.46,-0.41,0.0
-1.46,-0.36,0.0
-1.46,-0.31,0.0
-1.46,-0.26,0.0
-1.46,-0.21,0.0
-1.46,-0.16,0.0
-1.46,-0.11,0.0
-1.46,-0.06,0.0
-1.46,-0.01,0.0
-1.46,0.04,0.0
-1.46,0.09,0.0
-1.46,0.14,0.0
-1.46,0.19,0.0
-1.46,0.24,0.0
-1.46,0.29,0.0
-1.46,0.34,0.0
-1.46,0.39,0.0
-1.46,0.44,0.0
-1.46,0.49,0.0
-1.46,0.54,0.0
-1.46,0.59,0.0
-1.46,0.64,0.0
-1.46,0.69,0.0
-1.46,0.74,0.0
-1.46,0.79,0.0
-1.46,0.84,0.0
-1.46,0.89,0.0
-1.46,0.94,0.0
-1.46,0.99,0.0
-1.46,1.04,0.0
-1.46,1.09,0.0
-1.46,1.14,0.0
-1.46,1.19,0.0
-1.46,1.24,0.0
-1.46,1.29,0.0
-1.46,1.34,0.0
-1.46,1.39,0.0
-1.46,1.44,0.0
-1.46,1.49,0.0
-1.46,1.54,0.0
-1.46,1.59,0.0
-1.46,1.64,0.0
-1.46,1.69,0.0
-1.46,1.74,0.0
-1.46,1.79,0.0
-1.41,-1.81,0.0
-1.41,-1.76,0.0
-1.41,-1.71,0.0
-1.41,-1.66,0.0
-1.41,-1.61,0.0
-1.41,-1.56,0.0
-1.41,-1.51,0.0
-1.41,-1.46,0.0
-1.41,-1.41,0.0
-1.41,-1.36,0.0
-1.41,-1.31,0.0
-1.41,-1.26,0.0
-1.41,-1.21,0.0
-1.41,-1.16,0.0
-1.41,-1.11,0.0
-1.41,-1.06,0.0
-1.41,-1.01,0.0
-1.41,-0.96,0.0
-1.41,-0.91,0.0
-1.41,-0.86,0.0
-1.41,-0.81,0.0
-1.41,-0.76,0.0
-1.41,-0.71,0.0
-1.41,-0.66,0.0
-1.41,-0.61,0.0
-1.41,-0.56,0.0
-1.41,-0.51,0.0
-1.41,-0.46,0.0
-1.41,-0.41,0.0
-1.41,-0.36,0.0
-1.41,-0.31,0.0
-1.41,-0.26,0.0
-1.41,-0.21,0.0
-1.41,-0.16,0.0
-1.41,-0.11,0.0
-1.41,-0.06,0.0
-1.41,-0.01,0.0
-1.41,0.04,0.0
-1.41,0.09,0.0
-1.41,0.14,0.0
-1.41,0.19,0.0
-1.41,0.24,0.0
-1.41,0.29,0.0
-1.41,0.34,0.0
-1.41,0.39,0.0
-1.41,0.44,0.0
-1.41,0.49,0.0
-1.41,0.54,0.0
-1.41,0.59,0.0
-1.41,0.64,0.0
-1.41,0.69,0.0
-1.41,0.74,0.0
-1.41,0.79,0.0
-1.41,0.84,0.0
-1.41,0.89,0.0
-1.41,0.94,0.0
-1.41,0.99,0.0
-1.41,1.04,0.0
-1.41,1.09,0.0
-1.41,1.14,0.0
-1.41,1.19,0.0
-1.41,1.24,0.0
-1.41,1.29,0.0
-1.41,1.34,0.0
-1.41,1.39,0.0
-1.41,1.44,0.0
-1.41,1.49,0.0
-1.41,1.54,0.0
-1.41,1.59,0.0
-1.41,1.64,0.0
-1.41,1.69,0.0
-1.41,1.74,0.0
-1.41,1.79,0.0
-1.36,-1.81,0.0
-1.36,-1.76,0.0
-1.36,-1.71,0.0
-1.36,-1.66,0.0
-1.36,-1.61,0.0
-1.36,-1.56,0.0
-1.36,-1.51,0.0
-1.36,-1.46,0.0
-1.36,-1.41,0.0
-1.36,-1.36,0.0
-1.36,-1.31,0.0
-1.36,-1.26,0.0
-1.36,-1.21,0.0
-1.36,-1.16,0.0
-1.36,-1.11,0.0
-1.36,-1.06,0.0
-1.36,-1.01,0.0
-1.36,-0.96,0.0
-1.36,-0.91,0.0
-1.36,-0.86,0.0
-1.36,-0.81,0.0
-1.36,-0.76,0.0
-1.36,-0.71,0.0
-1.36,-0.66,0.0
-1.36,-0.61,0.0
-1.36,-0.56,0.0
-1.36,-0.51,0.0
-1.36,-0.46,0.0
-1.36,-0.41,0.0
-1.36,-0.36,0.0
-1.36,-0.31,0.0
-1.36,-0.26,0.0
-1.36,-0.21,0.0
-1.36,-0.16,0.0
-1.36,-0.11,0.0
-1.36,-0.06,0.0
-1.36,-0.01,0.0
-1.36,0.04,0.0
-1.36,0.09,0.0
-1.36,0.14,0.0
-1.36,0.19,0.0
-1.36,0.24,0.0
-1.36,0.29,0.0
-1.36,0.34,0.0
-1.36,0.39,0.0
-1.36,0.44,0.0
-1.36,0.49,0.0
-1.36,0.54,0.0
-1.36,0.59,0.0
-1.36,0.64,0.0
-1.36,0.69,0.0
-1.36,0.74,0.0
-1.36,0.79,0.0
-1.36,0.84,0.0
-1.36,0.89,0.0
-1.36,0.94,0.0
-1.36,0.99,0.0
-1.36,1.04,0.0
-1.36,1.09,0.0
-1.36,1.14,0.0
-1.36,1.19,0.0
-1.36,1.24,0.0
-1.36,1.29,0.0
-1.36,1.34,0.0
-1.36,1.39,0.0
-1.36,1.44,0.0
-1.36,1.49,0.0
-1.36,1.54,0.0
-1.36,1.59,0.0
-1.36,1.64,0.0
-1.36,1.69,0.0
-1.36,1.74,0.0
-1.36,1.79,0.0
-1.31,-1.81,0.0
-1.31,-1.76,0.0
-1.31,-1.71,0.0
-1.31,-1.66,0.0
-1.31,-1.61,0.0
-1.31,-1.56,0.0
-1.31,-1.51,0.0
-1.31,-1.46,0.0
-1.31,-1.41,0.0
-1.31,-1.36,0.0
-1.31,-1.31,0.0
-1.31,-1.26,0.0
-1.31,-1.21,0.0
-1.31,-1.16,0.0
-1.31,-1.11,0.0
-1.31,-1.06,0.0
-1.31,-1.01,0.0
-1.31,-0.96,0.0
-1.31,-0.91,0.0
-1.31,-0.86,0.0
-1.31,-0.81,0.0
-1.31,-0.76,0.0
-1.31,-0.71,0.0
-1.31,-0.66,0.0
-1.31,-0.61,0.0
-1.31,-0.56,0.0
-1.31,-0.51,0.0
-1.31,-0.46,0.0
-1.31,-0.41,0.0
-1.31,-0.36,0.0
-1.31,-0.31,0.0
-1.31,-0.26,0.0
-1.31,-0.21,0.0
-1.31,-0.16,0.0
-1.31,-0.11,0.0
-1.31,-0.06,0.0
-1.31,-0.01,0.0
-1.31,0.04,0.0
-1.31,0.09,0.0
-1.31,0.14,0.0
-1.31,0.19,0.0
-1.31,0.24,0.0
-1.31,0.29,0.0
-1.31,0.34,0.0
-1.31,0.39,0.0
-1.31,0.44,0.0
-1.31,0.49,0.0
-1.31,0.54,0.0
-1.31,0.59,0.0
-1.31,0.64,0.0
-1.31,0.69,0.0
-1.31,0.74,0.0
-1.31,0.79,0.0
-1.31,0.84,0.0
-1.31,0.89,0.0
-1.31,0.94,0.0
-1.31,0.99,0.0
-1.31,1.04,0.0
-1.31,1.09,0.0
-1.31,1.14,0.0
-1.31,1.19,0.0
-1.31,1.24,0.0
-1.31,1.29,0.0
-1.31,1.34,0.0
-1.31,1.39,0.0
-1.31,1.44,0.0
-1.31,1.49,0.0
-1.31,1.54,0.0
-1.31,1.59,0.0
-1.31,1.64,0.0
-1.31,1.69,0.0
-1.31,1.74,0.0
-1.31,1.79,0.0
-1.31,1.84,0.0
-1.26,-1.86,0.0
-1.26,-1.81,0.0
-1.26,-1.76,0.0
-1.26,-1.71,0.0
-1.26,-1.66,0.0
-1.26,-1.61,0.0
-1.26,-1.56,0.0
-1.26,-1.51,0.0
-1.26,-1.46,0.0
-1.26,-1.41,0.0
-1.26,-1.36,0.0
-1.26,-1.31,0.0
-1.26,-1.26,0.0
-1.26,-1.21,0.0
-1.26,-1.16,0.0
-1.26,-1.11,0.0
-1.26,-1.06,0.0
-1.26,-1.01,0.0
-1.26,-0.96,0.0
-1.26,-0.91,0.0
-1.26,-0.86,0.0
-1.26,-0.81,0.0
-1.26,-0.76,0.0
-1.26,-0.71,0.0
-1.26,-0.66,0.0
-1.26,-0.61,0.0
-1.26,-0.56,0.0
-1.26,-0.51,0.0
-1.26,-0.46,0.0
-1.26,-0.41,0.0
-1.26,-0.36,0.0
-1.26,-0.31,0.0
-1.26,-0.26,0.0
-1.26,-0.21,0.0
-1.26,-0.16,0.0
-1.26,-0.11,0.0
-1.26,-0.06,0.0
-1.26,-0.01,0.0
-1.26,0.04,0.0
-1.26,0.09,0.0
-1.26,0.14,0.0
-1.26,0.19,0.0
-1.26,0.24,0.0
-1.26,0.29,0.0
-1.26,0.34,0.0
-1.26,0.39,0.0
-1.26,0.44,0.0
-1.26,0.49,0.0
-1.26,0.54,0.0
-1.26,0.59,0.0
-1.26,0.64,0.0
-1.26,0.69,0.0
-1.26,0.74,0.0
-1.26,0.79,0.0
-1.26,0.84,0.0
-1.26,0.89,0.0
-1.26,0.94,0.0
-1.26,0.99,0.0
-1.26,1.04,0.0
-1.26,1.09,0.0
-1.26,1.14,0.0
-1.26,1.19,0.0
-1.26,1.24,0.0
-1.26,1.29,0.0
-1.26,1.34,0.0
-1.26,1.39,0.0
-1.26,1.44,0.0
-1.26,1.49,0.0
-1.26,1.54,0.0
-1.26,1.59,0.0
-1.26,1.64,0.0
-1.26,1.69,0.0
-1.26,1.74,0.0
-1.26,1.79,0.0
-1.26,1.84,0.0
-1.21,-1.86,0.0
-1.21,-1.81,0.0
-1.21,-1.76,0.0
-1.21,-1.71,0.0
-1.21,-1.66,0.0
-1.21,-1.61,0.0
-1.21,-1.56,0.0
-1.21,-1.51,0.0
-1.21,-1.46,0.0
-1.21,-1.41,0.0
-1.21,-1.36,0.0
-1.21,-1.31,0.0
-1.21,-1.26,0.0
-1.21,-1.21,0.0
-1.21,-1.16,0.0
-1.21,-1.11,0.0
-1.21,-1.06,0.0
-1.21,-1.01,0.0
-1.21,-0.96,0.0
-1.21,-0.91,0.0
-1.21,-0.86,0.0
-1.21,-0.81,0.0
-1.21,-0.76,0.0
-1.21,-0.71,0.0
-1.21,-0.66,0.0
-1.21,-0.61,0.0
-1.21,-0.56,0.0
-1.21,-0.51,0.0
-1.21,-0.46,0.0
-1.21,-0.41,0.0
-1.21,-0.36,0.0
-1.21,-0.31,0.0
-1.21,-0.26,0.0
-1.21,-0.21,0.0
-1.21,-0.16,0.0
-1.21,-0.11,0.0
-1.21,-0.06,0.0
-1.21,-0.01,0.0
-1.21,0.04,0.0
-1.21,0.09,0.0
-1.21,0.14,0.0
-1.21,0.19,0.0
-1.21,0.24,0.0
-1.21,0.29,0.0
-1.21,0.34,0.0
-1.21,0.39,0.0
-1.21,0.44,0.0
-1.21,0.49,0.0
-1.21,0.54,0.0
-1.21,0.59,0.0
-1.21,0.64,0.0
-1.21,0.69,0.0
-1.21,0.74,0.0
-1.21,0.79,0.0
-1.21,0.84,0.0
-1.21,0.89,0.0
-1.21,0.94,0.0
-1.21,0.99,0.0
-1.21,1.04,0.0
-1.21,1.09,0.0
-1.21,1.14,0.0
-1.21,1.19,0.0
-1.21,1.24,0.0
-1.21,1.29,0.0
-1.21,1.34,0.0
-1.21,1.39,0.0
-1.21,1.44,0.0
-1.21,1.49,0.0
-1.21,1.54,0.0
-1.21,1.59,0.0
-1.21,1.64,0.0
-1.21,1.69,0.0
-1.21,1.74,0.0
-1.21,1.79,0.0
-1.21,1.84,0.0
-1.21,1.89,0.0
-1.16,-1.91,0.0
-1.16,-1.86,0.0
-1.16,-1.81,0.0
-1.16,-1.76,0.0
-1.16,-1.71,0.0
-1.16,-1.66,0.0
-1.16,-1.61,0.0
-1.16,-1.56,0.0
-1.16,-1.51,0.0
-1.16,-1.46,0.0
-1.16,-1.41,0.0
-1.16,-1.36,0.0
-1.16,-1.31,0.0
-1.16,-1.26,0.0
-1.16,-1.21,0.0
-1.16,-1.16,0.0
-1.16,-1.11,0.0
-1.16,-1.06,0.0
-1.16,-1.01,0.0
-1.16,-0.96,0.0
-1.16,-0.91,0.0
-1.16,-0.86,0.0
-1.16,-0.81,0.0
-1.16,-0.76,0.0
-1.16,-0.71,0.0
-1.16,-0.66,0.0
-1.16,-0.61,0.0
-1.16,-0.56,0.0
-1.16,-0.51,0.0
-1.16,-0.46,0.0
-1.16,-0.41,0.0
-1.16,-0.36,0.0
-1.16,-0.31,0.0
-1.16,-0.26,0.0
-1.16,-0.21,0.0
-1.16,-0.16,0.0
-1.16,-0.11,0.0
-1.16,-0.06,0.0
-1.16,-0.01,0.0
-1.16,0.04,0.0
-1.16,0.09,0.0
-1.16,0.14,0.0
-1.16,0.19,0.0
-1.16,0.24,0.0
-1.16,0.29,0.0
-1.16,0.34,0.0
-1.16,0.39,0.0
-1.16,0.44,0.0
-1.16,0.49,0.0
-1.16,0.54,0.0
-1.16,0.59,0.0
-1.16,0.64,0.0
-1.16,0.69,0.0
-1.16,0.74,0.0
-1.16,0.79,0.0
-1.16,0.84,0.0
-1.16,0.89,0.0
-1.16,0.94,0.0
-1.16,0.99,0.0
-1.16,1.04,0.0
-1.16,1.09,0.0
-1.16,1.14,0.0
-1.16,1.19,0.0
-1.16,1.24,0.0
-1.16,1.29,0.0
-1.16,1.34,0.0
-1.16,1.39,0.0
-1.16,1.44,0.0
-1.16,1.49,0.0
-1.16,1.54,0.0
-1.16,1.59,0.0
-1.16,1.64,0.0
-1.16,1.69,0.0
-1.16,1.74,0.0
-1.16,1.79,0.0
-1.16,1.84,0.0
-1.16,1.89,0.0
-1.11,-1.91,0.0
-1.11,-1.86,0.0
-1.11,-1.81,0.0
-1.11,-1.76,0.0
-1.11,-1.71,0.0
-1.11,-1.66,0.0
-1.11,-1.61,0.0
-1.11,-1.56,0.0
-1.11,-1.51,0.0
-1.11,-1.46,0.0
-1.11,-1.41,0.0
-1.11,-1.36,0.0
-1.11,-1.31,0.0
-1.11,-1.26,0.0
-1.11,-1.21,0.0
-1.11,-1.16,0.0
-1.11,-1.11,0.0
-1.11,-1.06,0.0
-1.11,-1.01,0.0
-1.11,-0.96,0.0
-1.11,-0.91,0.0
-1.11,-0.86,0.0
-1.11,-0.81,0.0
-1.11,-0.76,0.0
-1.11,-0.71,0.0
-1.11,-0.66,0.0
-1.11,-0.61,0.0
-1.11,-0.56,0.0
-1.11,-0.51,0.0
-1.11,-0.46,0.0
-1.11,-0.41,0.0
-1.11,-0.36,0.0
-1.11,-0.31,0.0
-1.11,-0.26,0.0
-1.11,-0.21,0.0
-1.11,-0.16,0.0
-1.11,-0.11,0.0
-1.11,-0.06,0.0
-1.11,-0.01,0.0
-1.11,0.04,0.0
-1.11,0.09,0.0
-1.11,0.14,0.0
-1.11,0.19,0.0
-1.11,0.24,0.0
-1.11,0.29,0.0
-1.11,0.34,0.0
-1.11,0.39,0.0
-1.11,0.44,0.0
-1.11,0.49,0.0
-1.11,0.54,0.0
-1.11,0.59,0.0
-1.11,0.64,0.0
-1.11,0.69,0.0
-1.11,0.74,0.0
-1.11,0.79,0.0
-1.11,0.84,0.0
-1.11,0.89,0.0
-1.11,0.94,0.0
-1.11,0.99,0.0
-1.11,1.04,0.0
-1.11,1.09,0.0
-1.11,1.14,0.0
-1.11,1.19,0.0
-1.11,1.24,0.0
-1.11,1.29,0.0
-1.11,1.34,0.0
-1.11,1.39,0.0
-1.11,1.44,0.0
-1.11,1.49,0.0
-1.11,1.54,0.0
-1.11,1.59,0.0
-1.11,1.64,0.0
-1.11,1.69,0.0
-1.11,1.74,0.0
-1.11,1.79,0.0
-1.11,1.84,0.0
-1.11,1.89,0.0
-1.06,-1.91,0.0
-1.06,-1.86,0.0
-1.06,-1.81,0.0
-1.06,-1.76,0.0
-1.06,-1.71,0.0
-1.06,-1.66,0.0
-1.06,-1.61,0.0
-1.06,-1.56,0.0
-1.06,-1.51,0.0
-1.06,-1.46,0.0
-1.06,-1.41,0.0
-1.06,-1.36,0.0
-1.06,-1.31,0.0
-1.06,-1.26,0.0
-1.06,-1.21,0.0
-1.06,-1.16,0.0
-1.06,-1.11,0.0
-1.06,-1.06,0.0
-1.06,-1.01,0.0
-1.06,-0.96,0.0
-1.06,-0.91,0.0
-1.06,-0.86,0.0
-1.06,-0.81,0.0
-1.06,-0.76,0.0
-1.06,-0.71,0.0
-1.06,-0.66,0.0
-1.06,-0.61,0.0
-1.06,-0.56,0.0
-1.06,-0.51,0.0
-1.06,-0.46,0.0
-1.06,-0.41,0.0
-1.06,-0.36,0.0
-1.06,-0.31,0.0
-1.06,-0.26,0.0
-1.06,-0.21,0.0
-1.06,-0.16,0.0
-1.06,-0.11,0.0
-1.06,-0.06,0.0
-1.06,-0.01,0.0
-1.06,0.04,0.0
-1.06,0.09,0.0
-1.06,0.14,0.0
-1.06,0.19,0.0
-1.06,0.24,0.0
-1.06,0.29,0.0
-1.06,0.34,0.0
-1.06,0.39,0.0
-1.06,0.44,0.0
-1.06,0.49,0.0
-1.06,0.54,0.0
-1.06,0.59,0.0
-1.06,0.64,0.0
-1.06,0.69,0.0
-1.06,0.74,0.0
-1.06,0.79,0.0
-1.06,0.84,0.0
-1.06,0.89,0.0
-1.06,0.94,0.0
-1.06,0.99,0.0
-1.06,1.04,0.0
-1.06,1.09,0.0
-1.06,1.14,0.0
-1.06,1.19,0.0
-1.06,1.24,0.0
-1.06,1.29,0.0
-1.06,1.34,0.0
-1.06,1.39,0.0
-1.06,1.44,0.0
-1.06,1.49,0.0
-1.06,1.54,0.0
-1.06,1.59,0.0
-1.06,1.64,0.0
-1.06,1.69,0.0
-1.06,1.74,0.0
-1.06,1.79,0.0
-1.06,1.84,0.0
-1.06,1.89,0.0
-1.06,1.94,0.0
-1.01,-1.96,0.0
-1.01,-1.91,0.0
-1.01,-1.86,0.0
-1.01,-1.81,0.0
-1.01,-1.76,0.0
-1.01,-1.71,0.0
-1.01,-1.66,0.0
-1.01,-1.61,0.0
-1.01,-1.56,0.0
-1.01,-1.51,0.0
-1.01,-1.46,0.0
-1.01,-1.41,0.0
-1.01,-1.36,0.0
-1.01,-1.31,0.0
-1.01,-1.26,0.0
-1.01,-1.21,0.0
-1.01,-1.16,0.0
-1.01,-1.11,0.0
-1.01,-1.06,0.0
-1.01,-1.01,0.0
-1.01,-0.96,0.0
-1.01,-0.91,0.0
-1.01,-0.86,0.0
-1.01,-0.81,0.0
-1.01,-0.76,0.0
-1.01,-0.71,0.0
-1.01,-0.66,0.0
-1.01,-0.61,0.0
-1.01,-0.56,0.0
-1.01,-0.51,0.0
-1.01,-0.46,0.0
-1.01,-0.41,0.0
-1.01,-0.36,0.0
-1.01,-0.31,0.0
-1.01,-0.26,0.0
-1.01,-0.21,0.0
-1.01,-0.16,0.0
-1.01,-0.11,0.0
-1.01,-0.06,0.0
-1.01,-0.01,0.0
-1.01,0.04,0.0
-1.01,0.09,0.0
-1.01,0.14,0.0
-1.01,0.19,0.0
-1.01,0.24,0.0
-1.01,0.29,0.0
-1.01,0.34,0.0
-1.01,0.39,0.0
-1.01,0.44,0.0
-1.01,0.49,0.0
-1.01,0.54,0.0
-1.01,0.59,0.0
-1.01,0.64,0.0
-1.01,0.69,0.0
-1.01,0.74,0.0
-1.01,0.79,0.0
-1.01,0.84,0.0
-1.01,0.89,0.0
-1.01,0.94,0.0
-1.01,0.99,0.0
-1.01,1.04,0.0
-1.01,1.09,0.0
-1.01,1.14,0.0
-1.01,1.19,0.0
-1.01,1.24,0.0
-1.01,1.29,0.0
-1.01,1.34,0.0
-1.01,1.39,0.0
-1.01,1.44,0.0
-1.01,1.49,0.0
-1.01,1.54,0.0
-1.01,1.59,0.0
-1.01,1.64,0.0
-1.01,1.69,0.0
-1.01,1.74,0.0
-1.01,1.79,0.0
-1.01,1.84,0.0
-1.01,1.89,0.0
-1.01,1.94,0.0
-0.96,-1.96,0.0
-0.96,-1.91,0.0
-0.96,-1.86,0.0
-0.96,-1.81,0.0
-0.96,-1.76,0.0
-0.96,-1.71,0.0
-0.96,-1.66,0.0
-0.96,-1.61,0.0
-0.96,-1.56,0.0
-0.96,-1.51,0.0
-0.96,-1.46,0.0
-0.96,-1.41,0.0
-0.96,-1.36,0.0
-0.96,-1.31,0.0
-0.96,-1.26,0.0
-0.96,-1.21,0.0
-0.96,-1.16,0.0
-0.96,-1.11,0.0
-0.96,-1.06,0.0
-0.96,-1.01,0.0
-0.96,-0.96,0.0
-0.96,-0.91,0.0
-0.96,-0.86,0.0
-0.96,-0.81,0.0
-0.96,-0.76,0.0
-0.96,-0.71,0.0
-0.96,-0.66,0.0
-0.96,-0.61,0.0
-0.96,-0.56,0.0
-0.96,-0.51,0.0
-0.96,-0.46,0.0
-0.96,-0.41,0.0
-0.96,-0.36,0.0
-0.96,-0.31,0.0
-0.96,-0.26,0.0
-0.96,-0.21,0.0
-0.96,-0.16,0.0
-0.96,-0.11,0.0
-0.96,-0.06,0.0
-0.96,-0.01,0.0
-0.96,0.04,0.0
-0.96,0.09,0.0
-0.96,0.14,0.0
-0.96,0.19,0.0
-0.96,0.24,0.0
-0.96,0.29,0.0
-0.96,0.34,0.0
-0.96,0.39,0.0
-0.96,0.44,0.0
-0.96,0.49,0.0
-0.96,0.54,0.0
-0.96,0.59,0.0
-0.96,0.64,0.0
-0.96,0.69,0.0
-0.96,0.74,0.0
-0.96,0.79,0.0
-0.96,0.84,0.0
-0.96,0.89,0.0
-0.96,0.94,0.0
-0.96,0.99,0.0
-0.96,1.04,0.0
-0.96,1.09,0.0
-0.96,1.14,0.0
-0.96,1.19,0.0
-0.96,1.24,0.0
-0.96,1.29,0.0
-0.96,1.34,0.0
-0.96,1.39,0.0
-0.96,1.44,0.0
-0.96,1.49,0.0
-0.96,1.54,0.0
-0.96,1.59,0.0
-0.96,1.64,0.0
-0.96,1.69,0.0
-0.96,1.74,0.0
-0.96,1.79,0.0
-0.96,1.84,0.0
-0.96,1.89,0.0
-0.96,1.94,0.0
-0.96,1.99,0.0
-0.91,-2.01,0.0
-0.91,-1.96,0.0
-0.91,-1.91,0.0
-0.91,-1.86,0.0
-0.91,-1.81,0.0
-0.91,-1.76,0.0
-0.91,-1.71,0.0
-0.91,-1.66,0.0
-0.91,-1.61,0.0
-0.91,-1.56,0.0
-0.91,-1.51,0.0
-0.91,-1.46,0.0
-0.91,-1.41,0.0
-0.91,-1.36,0.0
-0.91,-1.31,0.0
-0.91,-1.26,0.0
-0.91,-1.21,0.0
-0.91,-1.16,0.0
-0.91,-1.11,0.0
-0.91,-1.06,0.0
-0.91,-1.01,0.0
-0.91,-0.96,0.0
-0.91,-0.91,0.0
-0.91,-0.86,0.0
-0.91,-0.81,0.0
-0.91,-0.76,0.0
-0.91,-0.71,0.0
-0.91,-0.66,0.0
-0.91,-0.61,0.0
-0.91,-0.56,0.0
-0.91,-0.51,0.0
-0.91,-0.46,0.0
-0.91,-0.41,0.0
-0.91,-0.36,0.0
-0.91,-0.31,0.0
-0.91,-0.26,0.0
-0.91,-0.21,0.0
-0.91,-0.16,0.0
-0.91,-0.11,0.0
-0.91,-0.06,0.0
-0.91,-0.01,0.0
-0.91,0.04,0.0
-0.91,0.09,0.0
-0.91,0.14,0.0
-0.91,0.19,0.0
-0.91,0.24,0.0
-0.91,0.29,0.0
-0.91,0.34,0.0
-0.91,0.39,0.0
-0.91,0.44,0.0
-0.91,0.49,0.0
-0.91,0.54,0.0
-0.91,0.59,0.0
-0.91,0.64,0.0
-0.91,0.69,0.0
-0.91,0.74,0.0
-0.91,0.79,0.0
-0.91,0.84,0.0
-0.91,0.89,0.0
-0.91,0.94,0.0
-0.91,0.99,0.0
-0.91,1.04,0.0
-0.91,1.09,0.0
-0.91,1.14,0.0
-0.91,1.19,0.0
-0.91,1.24,0.0
-0.91,1.29,0.0
-0.91,1.34,0.0
-0.91,1.39,0.0
-0.91,1.44,0.0
-0.91,1.49,0.0
-0.91,1.54,0.0
-0.91,1.59,0.0
-0.91,1.64,0.0
-0.91,1.69,0.0
-0.91,1.74,0.0
-0.91,1.79,0.0
-0.91,1.84,0.0
-0.91,1.89,0.0
-0.91,1.94,0.0
-0.91,1.99,0.0
-0.86,-2.01,0.0
-0.86,-1.96,0.0
-0.86,-1.91,0.0
-0.86,-1.86,0.0
-0.86,-1.81,0.0
-0.86,-1.76,0.0
-0.86,-1.71,0.0
-0.86,-1.66,0.0
-0.86,-1.61,0.0
-0.86,-1.56,0.0
-0.86,-1.51,0.0
-0.86,-1.46,0.0
-0.86,-1.41,0.0
-0.86,-1.36,0.0
-0.86,-1.31,0.0
-0.86,-1.26,0.0
-0.86,-1.21,0.0
-0.86,-1.16,0.0
-0.86,-1.11,0.0
-0.86,-1.06,0.0
-0.86,-1.01,0.0
-0.86,-0.96,0.0
-0.86,-0.91,0.0
-0.86,-0.86,0.0
-0.86,-0.81,0.0
-0.86,-0.76,0.0
-0.86,-0.71,0.0
-0.86,-0.66,0.0
-0.86,-0.61,0.0
-0.86,-0.56,0.0
-0.86,-0.51,0.0
-0.86,-0.46,0.0
-0.86,-0.41,0.0
-0.86,-0.36,0.0
-0.86,-0.31,0.0
-0.86,-0.26,0.0
-0.86,-0.21,0.0
-0.86,-0.16,0.0
-0.86,-0.11,0.0
-0.86,-0.06,0.0
-0.86,-0.01,0.0
-0.86,0.04,0.0
-0.86,0.09,0.0
-0.86,0.14,0.0
-0.86,0.19,0.0
-0.86,0.24,0.0
-0.86,0.29,0.0
-0.86,0.34,0.0
-0.86,0.39,0.0
-0.86,0.44,0.0
-0.86,0.49,0.0
-0.86,0.54,0.0
-0.86,0.59,0.0
-0.86,0.64,0.0
-0.86,0.69,0.0
-0.86,0.74,0.0
-0.86,0.79,0.0
-0.86,0.84,0.0
-0.86,0.89,0.0
-0.86,0.94,0.0
-0.86,0.99,0.0
-0.86,1.04,0.0
-0.86,1.09,0.0
-0.86,1.14,0.0
-0.86,1.19,0.0
-0.86,1.24,0.0
-0.86,1.29,0.0
-0.86,1.34,0.0
-0.86,1.39,0.0
-0.86,1.44,0.0
-0.86,1.49,0.0
-0.86,1.54,0.0
-0.86,1.59,0.0
-0.86,1.64,0.0
-0.86,1.69,0.0
-0.86,1.74,0.0
-0.86,1.79,0.0
-0.86,1.84,0.0
-0.86,1.89,0.0
-0.86,1.94,0.0
-0.86,1.99,0.0
-0.86,2.04,0.0
-0.81,-2.06,0.0
-0.81,-2.01,0.0
-0.81,-1.96,0.0
-0.81,-1.91,0.0
-0.81,-1.86,0.0
-0.81,-1.81,0.0
-0.81,-1.76,0.0
-0.81,-1.71,0.0
-0.81,-1.66,0.0
-0.81,-1.61,0.0
-0.81,-1.56,0.0
-0.81,-1.51,0.0
-0.81,-1.46,0.0
-0.81,-1.41,0.0
-0.81,-1.36,0.0
-0.81,-1.31,0.0
-0.81,-1.26,0.0
-0.81,-1.21,0.0
-0.81,-1.16,0.0
-0.81,-1.11,0.0
-0.81,-1.06,0.0
-0.81,-1.01,0.0
-0.81,-0.96,0.0
-0.81,-0.91,0.0
-0.81,-0.86,0.0
-0.81,-0.81,0.0
-0.81,-0.76,0.0
-0.81,-0.71,0.0
-0.81,-0.66,0.0
-0.81,-0.61,0.0
-0.81,-0.56,0.0
-0.81,-0.51,0.0
-0.81,-0.46,0.0
-0.81,-0.41,0.0
-0.81,-0.36,0.0
-0.81,-0.31,0.0
-0.81,-0.26,0.0
-0.81,-0.21,0.0
-0.81,-0.16,0.0
-0.81,-0.11,0.0
-0.81,-0.06,0.0
-0.81,-0.01,0.0
-0.81,0.04,0.0
-0.81,0.09,0.0
-0.81,0.14,0.0
-0.81,0.19,0.0
-0.81,0.24,0.0
-0.81,0.29,0.0
-0.81,0.34,0.0
-0.81,0.39,0.0
-0.81,0.44,0.0
-0.81,0.49,0.0
-0.81,0.54,0.0
-0.81,0.59,0.0
-0.81,0.64,0.0
-0.81,0.69,0.0
-0.81,0.74,0.0
-0.81,0.79,0.0
-0.81,0.84,0.0
-0.81,0.89,0.0
-0.81,0.94,0.0
-0.81,0.99,0.0
-0.81,1.04,0.0
-0.81,1.09,0.0
-0.81,1.14,0.0
-0.81,1.19,0.0
-0.81,1.24,0.0
-0.81,1.29,0.0
-0.81,1.34,0.0
-0.81,1.39,0.0
-0.81,1.44,0.0
-0.81,1.49,0.0
-0.81,1.54,0.0
-0.81,1.59,0.0
-0.81,1.64,0.0
-0.81,1.69,0.0
-0.81,1.74,0.0
-0.81,1.79,0.0
-0.81,1.84,0.0
-0.81,1.89,0.0
-0.81,1.94,0.0
-0.81,1.99,0.0
-0.81,2.04,0.0
-0.76,-2.06,0.0
-0.76,-2.01,0.0
-0.76,-1.96,0.0
-0.76,-1.91,0.0
-0.76,-1.86,0.0
-0.76,-1.81,0.0
-0.76,-1.76,0.0
-0.76,-1.71,0.0
-0.76,-1.66,0.0
-0.76,-1.61,0.0
-0.76,-1.56,0.0
-0.76,-1.51,0.0
-0.76,-1.46,0.0
-0.76,-1.41,0.0
-0.76,-1.36,0.0
-0.76,-1.31,0.0
-0.76,-1.26,0.0
-0.76,-1.21,0.0
-0.76,-1.16,0.0
-0.76,-1.11,0.0
-0.76,-1.06,0.0
-0.76,-1.01,0.0
-0.76,-0.96,0.0
-0.76,-0.91,0.0
-0.76,-0.86,0.0
-0.76,-0.81,0.0
-0.76,-0.76,0.0
-0.76,-0.71,0.0
-0.76,-0.66,0.0
-0.76,-0.61,0.0
-0.76,-0.56,0.0
-0.76,-0.51,0.0
-0.76,-0.46,0.0
-0.76,-0.41,0.0
-0.76,-0.36,0.0
-0.76,-0.31,0.0
-0.76,-0.26,0.0
-0.76,-0.21,0.0
-0.76,-0.16,0.0
-0.76,-0.11,0.0
-0.76,-0.06,0.0
-0.76,-0.01,0.0
-0.76,0.04,0.0
-0.76,0.09,0.0
-0.76,0.14,0.0
-0.76,0.19,0.0
-0.76,0.24,0.0
-0.76,0.29,0.0
-0.76,0.34,0.0
-0.76,0.39,0.0
-0.76,0.44,0.0
-0.76,0.49,0.0
-0.76,0.54,0.0
-0.76,0.59,0.0
-0.76,0.64,0.0
-0.76,0.69,0.0
-0.76,0.74,0.0
-0.76,0.79,0.0
-0.76,0.84,0.0
-0.76,0.89,0.0
-0.76,0.94,0.0
-0.76,0.99,0.0
-0.76,1.04,0.0
-0.76,1.09,0.0
-0.76,1.14,0.0
-0.76,1.19,0.0
-0.76,1.24,0.0
-0.76,1.29,0.0
-0.76,1.34,0.0
-0.76,1.39,0.0
-0.76,1.44,0.0
-0.76,1.49,0.0
-0.76,1.54,0.0
-0.76,1.59,0.0
-0.76,1.64,0.0
-0.76,1.69,0.0
-0.76,1.74,0.0
-0.76,1.79,0.0
-0.76,1.84,0.0
-0.76,1.89,0.0
-0.76,1.94,0.0
-0.76,1.99,0.0
-0.76,2.04,0.0
-0.71,-2.06,0.0
-0.71,-2.01,0.0
-0.71,-1.96,0.0
-0.71,-1.91,0.0
-0.71,-1.86,0.0
-0.71,-1.81,0.0
-0.71,-1.76,0.0
-0.71,-1.71,0.0
-0.71,-1.66,0.0
-0.71,-1.61,0.0
-0.71,-1.56,0.0
-0.71,-1.51,0.0
-0.71,-1.46,0.0
-0.71,-1.41,0.0
-0.71,-1.36,0.0
-0.71,-1.31,0.0
-0.71,-1.26,0.0
-0.71,-1.21,0.0
-0.71,-1.16,0.0
-0.71,-1.11,0.0
-0.71,-1.06,0.0
-0.71,-1.01,0.0
-0.71,-0.96,0.0
-0.71,-0.91,0.0
-0.71,-0.86,0.0
-0.71,-0.81,0.0
-0.71,-0.76,0.0
-0.71,-0.71,0.0
-0.71,-0.66,0.0
-0.71,-0.61,0.0
-0.71,-0.56,0.0
-0.71,-0.51,0.0
-0.71,-0.46,0.0
-0.71,-0.41,0.0
-0.71,-0.36,0.0
-0.71,-0.31,0.0
-0.71,-0.26,0.0
-0.71,-0.21,0.0
-0.71,-0.16,0.0
-0.71,-0.11,0.0
-0.71,-0.06,0.0
-0.71,-0.01,0.0
-0.71,0.04,0.0
-0.71,0.09,0.0
-0.71,0.14,0.0
-0.71,0.19,0.0
-0.71,0.24,0.0
-0.71,0.29,0.0
-0.71,0.34,0.0
-0.71,0.39,0.0
-0.71,0.44,0.0
-0.71,0.49,0.0
-0.71,0.54,0.0
-0.71,0.59,0.0
-0.71,0.64,0.0
-0.71,0.69,0.0
-0.71,0.74,0.0
-0.71,0.79,0.0
-0.71,0.84,0.0
-0.71,0.89,0.0
-0.71,0.94,0.0
-0.71,0.99,0.0
-0.71,1.04,0.0
-0.71,1.09,0.0
-0.71,1.14,0.0
-0.71,1.19,0.0
-0.71,1.24,0.0
-0.71,1.29,0.0
-0.71,1.34,0.0
-0.71,1.39,0.0
-0.71,1.44,0.0
-0.71,1.49,0.0
-0.71,1.54,0.0
-0.71,1.59,0.0
-0.71,1.64,0.0
-0.71,1.69,0.0
-0.71,1.74,0.0
-0.71,1.79,0.0
-0.71,1.84,0.0
-0.71,1.89,0.0
-0.71,1.94,0.0
-0.71,1.99,0.0
-0.71,2.04,0.0
-0.71,2.09,0.0
-0.66,-2.11,0.0
-0.66,-2.06,0.0
-0.66,-2.01,0.0
-0.66,-1.96,0.0
-0.66,-1.91,0.0
-0.66,-1.86,0.0
-0.66,-1.81,0.0
-0.66,-1.76,0.0
-0.66,-1.71,0.0
-0.66,-1.66,0.0
-0.66,-1.61,0.0
-0.66,-1.56,0.0
-0.66,-1.51,0.0
-0.66,-1.46,0.0
-0.66,-1.41,0.0
-0.66,-1.36,0.0
-0.66,-1.31,0.0
-0.66,-1.26,0.0
-0.66,-1.21,0.0
-0.66,-1.16,0.0
-0.66,-1.11,0.0
-0.66,-1.06,0.0
-0.66,-1.01,0.0
-0.66,-0.96,0.0
-0.66,-0.91,0.0
-0.66,-0.86,0.0
-0.66,-0.81,0.0
-0.66,-0.76,0.0
-0.66,-0.71,0.0
-0.66,-0.66,0.0
-0.66,-0.61,0.0
-0.66,-0.56,0.0
-0.66,-0.51,0.0
-0.66,-0.46,0.0
-0.66,-0.41,0.0
-0.66,-0.36,0.0
-0.66,-0.31,0.0
-0.66,-0.26,0.0
-0.66,-0.21,0.0
-0.66,-0.16,0.0
-0.66,-0.11,0.0
-0.66,-0.06,0.0
-0.66,-0.01,0.0
-0.66,0.04,0.0
-0.66,0.09,0.0
-0.66,0.14,0.0
-0.66,0.19,0.0
-0.66,0.24,0.0
-0.66,0.29,0.0
-0.66,0.34,0.0
-0.66,0.39,0.0
-0.66,0.44,0.0
-0.66,0.49,0.0
-0.66,0.54,0.0
-0.66,0.59,0.0
-0.66,0.64,0.0
-0.66,0.69,0.0
-0.66,0.74,0.0
-0.66,0.79,0.0
-0.66,0.84,0.0
-0.66,0.89,0.0
-0.66,0.94,0.0
-0.66,0.99,0.0
-0.66,1.04,0.0
-0.66,1.09,0.0
-0.66,1.14,0.0
-0.66,1.19,0.0
-0.66,1.24,0.0
-0.66,1.29,0.0
-0.66,1.34,0.0
-0.66,1.39,0.0
-0.66,1.44,0.0
-0.66,1.49,0.0
-0.66,1.54,0.0
-0.66,1.59,0.0
-0.66,1.64,0.0
-0.66,1.69,0.0
-0.66,1.74,0.0
-0.66,1.79,0.0
-0.66,1.84,0.0
-0.66,1.89,0.0
-0.66,1.94,0.0
-0.66,1.99,0.0
-0.66,2.04,0.0
-0.66,2.09,0.0
-0.61,-2.11,0.0
-0.61,-2.06,0.0
-0.61,-2.01,0.0
-0.61,-1.96,0.0
-0.61,-1.91,0.0
-0.61,-1.86,0.0
-0.61,-1.81,0.0
-0.61,-1.76,0.0
-0.61,-1.71,0.0
-0.61,-1.66,0.0
-0.61,-1.61,0.0
-0.61,-1.56,0.0
-0.61,-1.51,0.0
-0.61,-1.46,0.0
-0.61,-1.41,0.0
-0.61,-1.36,0.0
-0.61,-1.31,0.0
-0.61,-1.26,0.0
-0.61,-1.21,0.0
-0.61,-1.16,0.0
-0.61,-1.11,0.0
-0.61,-1.06,0.0
-0.61,-1.01,0.0
-0.61,-0.96,0.0
-0.61,-0.91,0.0
-0.61,-0.86,0.0
-0.61,-0.81,0.0
-0.61,-0.76,0.0
-0.61,-0.71,0.0
-0.61,-0.66,0.0
-0.61,-0.61,0.0
-0.61,-0.56,0.0
-0.61,-0.51,0.0
-0.61,-0.46,0.0
-0.61,-0.41,0.0
-0.61,-0.36,0.0
-0.61,-0.31,0.0
-0.61,-0.26,0.0
-0.61,-0.21,0.0
-0.61,-0.16,0.0
-0.61,-0.11,0.0
-0.61,-0.06,0.0
-0.61,-0.01,0.0
-0.61,0.04,0.0
-0.61,0.09,0.0
-0.61,0.14,0.0
-0.61,0.19,0.0
-0.61,0.24,0.0
-0.61,0.29,0.0
-0.61,0.34,0.0
-0.61,0.39,0.0
-0.61,0.44,0.0
-0.61,0.49,0.0
-0.61,0.54,0.0
-0.61,0.59,0.0
-0.61,0.64,0.0
-0.61,0.69,0.0
-0.61,0.74,0.0
-0.61,0.79,0.0
-0.61,0.84,0.0
-0.61,0.89,0.0
-0.61,0.94,0.0
-0.61,0.99,0.0
-0.61,1.04,0.0
-0.61,1.09,0.0
-0.61,1.14,0.0
-0.61,1.19,0.0
-0.61,1.24,0.0
-0.61,1.29,0.0
-0.61,1.34,0.0
-0.61,1.39,0.0
-0.61,1.44,0.0
-0.61,1.49,0.0
-0.61,1.54,0.0
-0.61,1.59,0.0
-0.61,1.64,0.0
-0.61,1.69,0.0
-0.61,1.74,0.0
-0.61,1.79,0.0
-0.61,1.84,0.0
-0.61,1.89,0.0
-0.61,1.94,0.0
-0.61,1.99,0.0
-0.61,2.04,0.0
-0.61,2.09,0.0
-0.61,2.14,0.0
-0.56,-2.16,0.0
-0.56,-2.11,0.0
-0.56,-2.06,0.0
-0.56,-2.01,0.0
-0.56,-1.96,0.0
-0.56,-1.91,0.0
-0.56,-1.86,0.0
-0.56,-1.81,0.0
-0.56,-1.76,0.0
-0.56,-1.71,0.0
-0.56,-1.66,0.0
-0.56,-1.61,0.0
-0.56,-1.56,0.0
-0.56,-1.51,0.0
-0.56,-1.46,0.0
-0.56,-1.41,0.0
-0.56,-1.36,0.0
-0.56,-1.31,0.0
-0.56,-1.26,0.0
-0.56,-1.21,0.0
-0.56,-1.16,0.0
-0.56,-1.11,0.0
-0.56,-1.06,0.0
-0.56,-1.01,0.0
-0.56,-0.96,0.0
-0.56,-0.91,0.0
-0.56,-0.86,0.0
-0.56,-0.81,0.0
-0.56,-0.76,0.0
-0.56,-0.71,0.0
-0.56,-0.66,0.0
-0.56,-0.61,0.0
-0.56,-0.56,0.0
-0.56,-0.51,0.0
-0.56,-0.46,0.0
-0.56,-0.41,0.0
-0.56,-0.36,0.0
-0.56,-0.31,0.0
-0.56,-0.26,0.0
-0.56,-0.21,0.0
-0.56,-0.16,0.0
-0.56,-0.11,0.0
-0.56,-0.06,0.0
-0.56,-0.01,0.0
-0.56,0.04,0.0
-0.56,0.09,0.0
-0.56,0.14,0.0
-0.56,0.19,0.0
-0.56,0.24,0.0
-0.56,0.29,0.0
-0.56,0.34,0.0
-0.56,0.39,0.0
-0.56,0.44,0.0
-0.56,0.49,0.0
-0.56,0.54,0.0
-0.56,0.59,0.0
-0.56,0.64,0.0
-0.56,0.69,0.0
-0.56,0.74,0.0
-0.56,0.79,0.0
-0.56,0.84,0.0
-0.56,0.89,0.0
-0.56,0.94,0.0
-0.56,0.99,0.0
-0.56,1.04,0.0
-0.56,1.09,0.0
-0.56,1.14,0.0
-0.56,1.19,0.0
-0.56,1.24,0.0
-0.56,1.29,0.0
-0.56,1.34,0.0
-0.56,1.39,0.0
-0.56,1.44,0.0
-0.56,1.49,0.0
-0.56,1.54,0.0
-0.56,1.59,0.0
-0.56,1.64,0.0
-0.56,1.69,0.0
-0.56,1.74,0.0
-0.56,1.79,0.0
-0.56,1.84,0.0
-0.56,1.89,0.0
-0.56,1.94,0.0
-0.56,1.99,0.0
-0.56,2.04,0.0
-0.56,2.09,0.0
-0.56,2.14,0.0
-0.51,-2.16,0.0
-0.51,-2.11,0.0
-0.51,-2.06,0.0
-0.51,-2.01,0.0
-0.51,-1.96,0.0
-0.51,-1.91,0.0
-0.51,-1.86,0.0
-0.51,-1.81,0.0
-0.51,-1.76,0.0
-0.51,-1.71,0.0
-0.51,-1.66,0.0
-0.51,-1.61,0.0
-0.51,-1.56,0.0
-0.51,-1.51,0.0
-0.51,-1.46,0.0
-0.51,-1.41,0.0
-0.51,-1.36,0.0
-0.51,-1.31,0.0
-0.51,-1.26,0.0
-0.51,-1.21,0.0
-0.51,-1.16,0.0
-0.51,-1.11,0.0
-0.51,-1.06,0.0
-0.51,-1.01,0.0
-0.51,-0.96,0.0
-0.51,-0.91,0.0
-0.51,-0.86,0.0
-0.51,-0.81,0.0
-0.51,-0.76,0.0
-0.51,-0.71,0.0
-0.51,-0.66,0.0
-0.51,-0.61,0.0
-0.51,-0.56,0.0
-0.51,-0.51,0.0
-0.51,-0.46,0.0
-0.51,-0.41,0.0
-0.51,-0.36,0.0
-0.51,-0.31,0.0
-0.51,-0.26,0.0
-0.51,-0.21,0.0
-0.51,-0.16,0.0
-0.51,-0.11,0.0
-0.51,-0.06,0.0
-0.51,-0.01,0.0
-0.51,0.04,0.0
-0.51,0.09,0.0
-0.51,0.14,0.0
-0.51,0.19,0.0
-0.51,0.24,0.0
-0.51,0.29,0.0
-0.51,0.34,0.0
-0.51,0.39,0.0
-0.51,0.44,0.0
-0.51,0.49,0.0
-0.51,0.54,0.0
-0.51,0.59,0.0
-0.51,0.64,0.0
-0.51,0.69,0.0
-0.51,0.74,0.0
-0.51,0.79,0.0
-0.51,0.84,0.0
-0.51,0.89,0.0
-0.51,0.94,0.0
-0.51,0.99,0.0
-0.51,1.04,0.0
-0.51,1.09,0.0
-0.51,1.14,0.0
-0.51,1.19,0.0
-0.51,1.24,0.0
-0.51,1.29,0.0
-0.51,1.34,0.0
-0.51,1.39,0.0
-0.51,1.44,0.0
-0.51,1.49,0.0
-0.51,1.54,0.0
-0.51,1.59,0.0
-0.51,1.64,0.0
-0.51,1.69,0.0
-0.51,1.74,0.0
-0.51,1.79,0.0
-0.51,1.84,0.0
-0.51,1.89,0.0
-0.51,1.94,0.0
-0.51,1.99,0.0
-0.51,2.04,0.0
-0.51,2.09,0.0
-0.51,2.14,0.0
-0.46,-2.16,0.0
-0.46,-2.11,0.0
-0.46,-2.06,0.0
-0.46,-2.01,0.0
-0.46,-1.96,0.0
-0.46,-1.91,0.0
-0.46,-1.86,0.0
-0.46,-1.81,0.0
-0.46,-1.76,0.0
-0.46,-1.71,0.0
-0.46,-1.66,0.0
-0.46,-1.61,0.0
-0.46,-1.56,0.0
-0.46,-1.51,0.0
-0.46,-1.46,0.0
-0.46,-1.41,0.0
-0.46,-1.36,0.0
-0.46,-1.31,0.0
-0.46,-1.26,0.0
-0.46,-1.21,0.0
-0.46,-1.16,0.0
-0.46,-1.11,0.0
-0.46,-1.06,0.0
-0.46,-1.01,0.0
-0.46,-0.96,0.0
-0.46,-0.91,0.0
-0.46,-0.86,0.0
-0.46,-0.81,0.0
-0.46,-0.76,0.0
-0.46,-0.71,0.0
-0.46,-0.66,0.0
-0.46,-0.61,0.0
-0.46,-0.56,0.0
-0.46,-0.51,0.0
-0.46,-0.46,0.0
-0.46,-0.41,0.0
-0.46,-0.36,0.0
-0.46,-0.31,0.0
-0.46,-0.26,0.0
-0.46,-0.21,0.0
-0.46,-0.16,0.0
-0.46,-0.11,0.0
-0.46,-0.06,0.0
-0.46,-0.01,0.0
-0.46,0.04,0.0
-0.46,0.09,0.0
-0.46,0.14,0.0
-0.46,0.19,0.0
-0.46,0.24,0.0
-0.46,0.29,0.0
-0.46,0.34,0.0
-0.46,0.39,0.0
-0.46,0.44,0.0
-0.46,0.49,0.0
-0.46,0.54,0.0
-0.46,0.59,0.0
-0.46,0.64,0.0
-0.46,0.69,0.0
-0.46,0.74,0.0
-0.46,0.79,0.0
-0.46,0.84,0.0
-0.46,0.89,0.0
-0.46,0.94,0.0
-0.46,0.99,0.0
-0.46,1.04,0.0
-0.46,1.09,0.0
-0.46,1.14,0.0
-0.46,1.19,0.0
-0.46,1.24,0.0
-0.46,1.29,0.0
-0.46,1.34,0.0
-0.46,1.39,0.0
-0.46,1.44,0.0
-0.46,1.49,0.0
-0.46,1.54,0.0
-0.46,1.59,0.0
-0.46,1.64,0.0
-0.46,1.69,0.0
-0.46,1.74,0.0
-0.46,1.79,0.0
-0.46,1.84,0.0
-0.46,1.89,0.0
-0.46,1.94,0.0
-0.46,1.99,0.0
-0.46,2.04,0.0
-0.46,2.09,0.0
-0.46,2.14,0.0
-0.46,2.19,0.0
-0.41,-2.21,0.0
-0.41,-2.16,0.0
-0.41,-2.11,0.0
-0.41,-2.06,0.0
-0.41,-2.01,0.0
-0.41,-1.96,0.0
-0.41,-1.91,0.0
-0.41,-1.86,0.0
-0.41,-1.81,0.0
-0.41,-1.76,0.0
-0.41,-1.71,0.0
-0.41,-1.66,0.0
-0.41,-1.61,0.0
-0.41,-1.56,0.0
-0.41,-1.51,0.0
-0.41,-1.46,0.0
-0.41,-1.41,0.0
-0.41,-1.36,0.0
-0.41,-1.31,0.0
-0.41,-1.26,0.0
-0.41,-1.21,0.0
-0.41,-1.16,0.0
-0.41,-1.11,0.0
-0.41,-1.06,0.0
-0.41,-1.01,0.0
-0.41,-0.96,0.0
-0.41,-0.91,0.0
-0.41,-0.86,0.0
-0.41,-0.81,0.0
-0.41,-0.76,0.0
-0.41,-0.71,0.0
-0.41,-0.66,0.0
-0.41,-0.61,0.0
-0.41,-0.56,0.0
-0.41,-0.51,0.0
-0.41,-0.46,0.0
-0.41,-0.41,0.0
-0.41,-0.36,0.0
-0.41,-0.31,0.0
-0.41,-0.26,0.0
-0.41,-0.21,0.0
-0.41,-0.16,0.0
-0.41,-0.11,0.0
-0.41,-0.06,0.0
-0.41,-0.01,0.0
-0.41,0.04,0.0
-0.41,0.09,0.0
-0.41,0.14,0.0
-0.41,0.19,0.0
-0.41,0.24,0.0
-0.41,0.29,0.0
-0.41,0.34,0.0
-0.41,0.39,0.0
-0.41,0.44,0.0
-0.41,0.49,0.0
-0.41,0.54,0.0
-0.41,0.59,0.0
-0.41,0.64,0.0
-0.41,0.69,0.0
-0.41,0.74,0.0
-0.41,0.79,0.0
-0.41,0.84,0.0
-0.41,0.89,0.0
-0.41,0.94,0.0
-0.41,0.99,0.0
-0.41,1.04,0.0
-0.41,1.09,0.0
-0.41,1.14,0.0
-0.41,1.19,0.0
-0.41,1.24,0.0
-0.41,1.29,0.0
-0.41,1.34,0.0
-0.41,1.39,0.0
-0.41,1.44,0.0
-0.41,1.49,0.0
-0.41,1.54,0.0
-0.41,1.59,0.0
-0.41,1.64,0.0
-0.41,1.69,0.0
-0.41,1.74,0.0
-0.41,1.79,0.0
-0.41,1.84,0.0
-0.41,1.89,0.0
-0.41,1.94,0.0
-0.41,1.99,0.0
-0.41,2.04,0.0
-0.41,2.09,0.0
-0.41,2.14,0.0
-0.41,2.19,0.0
-0.36,-2.21,0.0
-0.36,-2.16,0.0
-0.36,-2.11,0.0
-0.36,-2.06,0.0
-0.36,-2.01,0.0
-0.36,-1.96,0.0
-0.36,-1.91,0.0
-0.36,-1.86,0.0
-0.36,-1.81,0.0
-0.36,-1.76,0.0
-0.36,-1.71,0.0
-0.36,-1.66,0.0
-0.36,-1.61,0.0
-0.36,-1.56,0.0
-0.36,-1.51,0.0
-0.36,-1.46,0.0
-0.36,-1.41,0.0
-0.36,-1.36,0.0
-0.36,-1.31,0.0
-0.36,-1.26,0.0
-0.36,-1.21,0.0
-0.36,-1.16,0.0
-0.36,-1.11,0.0
-0.36,-1.06,0.0
-0.36,-1.01,0.0
-0.36,-0.96,0.0
-0.36,-0.91,0.0
-0.36,-0.86,0.0
-0.36,-0.81,0.0
-0.36,-0.76,0.0
-0.36,-0.71,0.0
-0.36,-0.66,0.0
-0.36,-0.61,0.0
-0.36,-0.56,0.0
-0.36,-0.51,0.0
-0.36,-0.46,0.0
-0.36,-0.41,0.0
-0.36,-0.36,0.0
-0.36,-0.31,0.0
-0.36,-0.26,0.0
-0.36,-0.21,0.0
-0.36,-0.16,0.0
-0.36,-0.11,0.0
-0.36,-0.06,0.0
-0.36,-0.01,0.0
-0.36,0.04,0.0
-0.36,0.09,0.0
-0.36,0.14,0.0
-0.36,0.19,0.0
-0.36,0.24,0.0
-0.36,0.29,0.0
-0.36,0.34,0.0
-0.36,0.39,0.0
-0.36,0.44,0.0
-0.36,0.49,0.0
-0.36,0.54,0.0
-0.36,0.59,0.0
-0.36,0.64,0.0
-0.36,0.69,0.0
-0.36,0.74,0.0
-0.36,0.79,0.0
-0.36,0.84,0.0
-0.36,0.89,0.0
-0.36,0.94,0.0
-0.36,0.99,0.0
-0.36,1.04,0.0
-0.36,1.09,0.0
-0.36,1.14,0.0
-0.36,1.19,0.0
-0.36,1.24,0.0
-0.36,1.29,0.0
-0.36,1.34,0.0
-0.36,1.39,0.0
-0.36,1.44,0.0
-0.36,1.49,0.0
-0.36,1.54,0.0
-0.36,1.59,0.0
-0.36,1.64,0.0
-0.36,1.69,0.0
-0.36,1.74,0.0
-0.36,1.79,0.0
-0.36,1.84,0.0
-0.36,1.89,0.0
-0.36,1.94,0.0
-0.36,1.99,0.0
-0.36,2.04,0.0
-0.36,2.09,0.0
-0.36,2.14,0.0
-0.36,2.19,0.0
-0.36,2.24,0.0
-0.31,-2.26,0.0
-0.31,-2.21,0.0
-0.31,-2.16,0.0
-0.31,-2.11,0.0
-0.31,-2.06,0.0
-0.31,-2.01,0.0
-0.31,-1.96,0.0
-0.31,-1.91,0.0
-0.31,-1.86,0.0
-0.31,-1.81,0.0
-0.31,-1.76,0.0
-0.31,-1.71,0.0
-0.31,-1.66,0.0
-0.31,-1.61,0.0
-0.31,-1.56,0.0
-0.31,-1.51,0.0
-0.31,-1.46,0.0
-0.31,-1.41,0.0
-0.31,-1.36,0.0
-0.31,-1.31,0.0
-0.31,-1.26,0.0
-0.31,-1.21,0.0
-0.31,-1.16,0.0
-0.31,-1.11,0.0
-0.31,-1.06,0.0
-0.31,-1.01,0.0
-0.31,-0.96,0.0
-0.31,-0.91,0.0
-0.31,-0.86,0.0
-0.31,-0.81,0.0
-0.31,-0.76,0.0
-0.31,-0.71,0.0
-0.31,-0.66,0.0
-0.31,-0.61,0.0
-0.31,-0.56,0.0
-0.31,-0.51,0.0
-0.31,-0.46,0.0
-0.31,-0.41,0.0
-0.31,-0.36,0.0
-0.31,-0.31,0.0
-0.31,-0.26,0.0
-0.31,-0.21,0.0
-0.31,-0.16,0.0
-0.31,-0.11,0.0
-0.31,-0.06,0.0
-0.31,-0.01,0.0
-0.31,0.04,0.0
-0.31,0.09,0.0
-0.31,0.14,0.0
-0.31,0.19,0.0
-0.31,0.24,0.0
-0.31,0.29,0.0
-0.31,0.34,0.0
-0.31,0.39,0.0
-0.31,0.44,0.0
-0.31,0.49,0.0
-0.31,0.54,0.0
-0.31,0.59,0.0
-0.31,0.64,0.0
-0.31,0.69,0.0
-0.31,0.74,0.0
-0.31,0.79,0.0
-0.31,0.84,0.0
-0.31,0.89,0.0
-0.31,0.94,0.0
-0.31,0.99,0.0
-0.31,1.04,0.0
-0.31,1.09,0.0
-0.31,1.14,0.0
-0.31,1.19,0.0
-0.31,1.24,0.0
-0.31,1.29,0.0
-0.31,1.34,0.0
-0.31,1.39,0.0
-0.31,1.44,0.0
-0.31,1.49,0.0
-0.31,1.54,0.0
-0.31,1.59,0.0
-0.31,1.64,0.0
-0.31,1.69,0.0
-0.31,1.74,0.0
-0.31,1.79,0.0
-0.31,1.84,0.0
-0.31,1.89,0.0
-0.31,1.94,0.0
-0.31,1.99,0.0
-0.31,2.04,0.0
-0.31,2.09,0.0
-0.31,2.14,0.0
-0.31,2.19,0.0
-0.31,2.24,0.0
-0.26,-2.26,0.0
-0.26,-2.21,0.0
-0.26,-2.16,0.0
-0.26,-2.11,0.0
-0.26,-2.06,0.0
-0.26,-2.01,0.0
-0.26,-1.96,0.0
-0.26,-1.91,0.0
-0.26,-1.86,0.0
-0.26,-1.81,0.0
-0.26,-1.76,0.0
-0.26,-1.71,0.0
-0.26,-1.66,0.0
-0.26,-1.61,0.0
-0.26,-1.56,0.0
-0.26,-1.51,0.0
-0.26,-1.46,0.0
-0.26,-1.41,0.0
-0.26,-1.36,0.0
-0.26,-1.31,0.0
-0.26,-1.26,0.0
-0.26,-1.21,0.0
-0.26,-1.16,0.0
-0.26,-1.11,0.0
-0.26,-1.06,0.0
-0.26,-1.01,0.0
-0.26,-0.96,0.0
-0.26,-0.91,0.0
-0.26,-0.86,0.0
-0.26,-0.81,0.0
-0.26,-0.76,0.0
-0.26,-0.71,0.0
-0.26,-0.66,0.0
-0.26,-0.61,0.0
-0.26,-0.56,0.0
-0.26,-0.51,0.0
-0.26,-0.46,0.0
-0.26,-0.41,0.0
-0.26,-0.36,0.0
-0.26,-0.31,0.0
-0.26,-0.26,0.0
-0.26,-0.21,0.0
-0.26,-0.16,0.0
-0.26,-0.11,0.0
-0.26,-0.06,0.0
-0.26,-0.01,0.0
-0.26,0.04,0.0
-0.26,0.09,0.0
-0.26,0.14,0.0
-0.26,0.19,0.0
-0.26,0.24,0.0
-0.26,0.29,0.0
-0.26,0.34,0.0
-0.26,0.39,0.0
-0.26,0.44,0.0
-0.26,0.49,0.0
-0.26,0.54,0.0
-0.26,0.59,0.0
-0.26,0.64,0.0
-0.26,0.69,0.0
-0.26,0.74,0.0
-0.26,0.79,0.0
-0.26,0.84,0.0
-0.26,0.89,0.0
-0.26,0.94,0.0
-0.26,0.99,0.0
-0.26,1.04,0.0
-0.26,1.09,0.0
-0.26,1.14,0.0
-0.26,1.19,0.0
-0.26,1.24,0.0
-0.26,1.29,0.0
-0.26,1.34,0.0
-0.26,1.39,0.0
-0.26,1.44,0.0
-0.26,1.49,0.0
-0.26,1.54,0.0
-0.26,1.59,0.0
-0.26,1.64,0.0
-0.26,1.69,0.0
-0.26,1.74,0.0
-0.26,1.79,0.0
-0.26,1.84,0.0
-0.26,1.89,0.0
-0.26,1.94,0.0
-0.26,1.99,0.0
-0.26,2.04,0.0
-0.26,2.09,0.0
-0.26,2.14,0.0
-0.26,2.19,0.0
-0.26,2.24,0.0
-0.21,-2.26,0.0
-0.21,-2.21,0.0
-0.21,-2.16,0.0
-0.21,-2.11,0.0
-0.21,-2.06,0.0
-0.21,-2.01,0.0
-0.21,-1.96,0.0
-0.21,-1.91,0.0
-0.21,-1.86,0.0
-0.21,-1.81,0.0
-0.21,-1.76,0.0
-0.21,-1.71,0.0
-0.21,-1.66,0.0
-0.21,-1.61,0.0
-0.21,-1.56,0.0
-0.21,-1.51,0.0
-0.21,-1.46,0.0
-0.21,-1.41,0.0
-0.21,-1.36,0.0
-0.21,-1.31,0.0
-0.21,-1.26,0.0
-0.21,-1.21,0.0
-0.21,-1.16,0.0
-0.21,-1.11,0.0
-0.21,-1.06,0.0
-0.21,-1.01,0.0
-0.21,-0.96,0.0
-0.21,-0.91,0.0
-0.21,-0.86,0.0
-0.21,-0.81,0.0
-0.21,-0.76,0.0
-0.21,-0.71,0.0
-0.21,-0.66,0.0
-0.21,-0.61,0.0
-0.21,-0.56,0.0
-0.21,-0.51,0.0
-0.21,-0.46,0.0
-0.21,-0.41,0.0
-0.21,-0.36,0.0
-0.21,-0.31,0.0
-0.21,-0.26,0.0
-0.21,-0.21,0.0
-0.21,-0.16,0.0
-0.21,-0.11,0.0
-0.21,-0.06,0.0
-0.21,-0.01,0.0
-0.21,0.04,0.0
-0.21,0.09,0.0
-0.21,0.14,0.0
-0.21,0.19,0.0
-0.21,0.24,0.0
-0.21,0.29,0.0
-0.21,0.34,0.0
-0.21,0.39,0.0
-0.21,0.44,0.0
-0.21,0.49,0.0
-0.21,0.54,0.0
-0.21,0.59,0.0
-0.21,0.64,0.0
-0.21,0.69,0.0
-0.21,0.74,0.0
-0.21,0.79,0.0
-0.21,0.84,0.0
-0.21,0.89,0.0
-0.21,0.94,0.0
-0.21,0.99,0.0
-0.21,1.04,0.0
-0.21,1.09,0.0
-0.21,1.14,0.0
-0.21,1.19,0.0
-0.21,1.24,0.0
-0.21,1.29,0.0
-0.21,1.34,0.0
-0.21,1.39,0.0
-0.21,1.44,0.0
-0.21,1.49,0.0
-0.21,1.54,0.0
-0.21,1.59,0.0
-0.21,1.64,0.0
-0.21,1.69,0.0
-0.21,1.74,0.0
-0.21,1.79,0.0
-0.21,1.84,0.0
-0.21,1.89,0.0
-0.21,1.94,0.0
-0.21,1.99,0.0
-0.21,2.04,0.0
-0.21,2.09,0.0
-0.21,2.14,0.0
-0.21,2.19,0.0
-0.21,2.24,0.0
-0.21,2.29,0.0
-0.16,-2.31,0.0
-0.16,-2.26,0.0
-0.16,-2.21,0.0
-0.16,-2.16,0.0
-0.16,-2.11,0.0
-0.16,-2.06,0.0
-0.16,-2.01,0.0
-0.16,-1.96,0.0
-0.16,-1.91,0.0
-0.16,-1.86,0.0
-0.16,-1.81,0.0
-0.16,-1.76,0.0
-0.16,-1.71,0.0
-0.16,-1.66,0.0
-0.16,-1.61,0.0
-0.16,-1.56,0.0
-0.16,-1.51,0.0
-0.16,-1.46,0.0
-0.16,-1.41,0.0
-0.16,-1.36,0.0
-0.16,-1.31,0.0
-0.16,-1.26,0.0
-0.16,-1.21,0.0
-0.16,-1.16,0.0
-0.16,-1.11,0.0
-0.16,-1.06,0.0
-0.16,-1.01,0.0
-0.16,-0.96,0.0
-0.16,-0.91,0.0
-0.16,-0.86,0.0
-0.16,-0.81,0.0
-0.16,-0.76,0.0
-0.16,-0.71,0.0
-0.16,-0.66,0.0
-0.16,-0.61,0.0
-0.16,-0.56,0.0
-0.16,-0.51,0.0
-0.16,-0.46,0.0
-0.16,-0.41,0.0
-0.16,-0.36,0.0
-0.16,-0.31,0.0
-0.16,-0.26,0.0
-0.16,-0.21,0.0
-0.16,-0.16,0.0
-0.16,-0.11,0.0
-0.16,-0.06,0.0
-0.16,-0.01,0.0
-0.16,0.04,0.0
-0.16,0.09,0.0
-0.16,0.14,0.0
-0.16,0.19,0.0
-0.16,0.24,0.0
-0.16,0.29,0.0
-0.16,0.34,0.0
-0.16,0.39,0.0
-0.16,0.44,0.0
-0.16,0.49,0.0
-0.16,0.54,0.0
-0.16,0.59,0.0
-0.16,0.64,0.0
-0.16,0.69,0.0
-0.16,0.74,0.0
-0.16,0.79,0.0
-0.16,0.84,0.0
-0.16,0.89,0.0
-0.16,0.94,0.0
-0.16,0.99,0.0
-0.16,1.04,0.0
-0.16,1.09,0.0
-0.16,1.14,0.0
-0.16,1.19,0.0
-0.16,1.24,0.0
-0.16,1.29,0.0
-0.16,1.34,0.0
-0.16,1.39,0.0
-0.16,1.44,0.0
-0.16,1.49,0.0
-0.16,1.54,0.0
-0.16,1.59,0.0
-0.16,1.64,0.0
-0.16,1.69,0.0
-0.16,1.74,0.0
-0.16,1.79,0.0
-0.16,1.84,0.0
-0.16,1.89,0.0
-0.16,1.94,0.0
-0.16,1.99,0.0
-0.16,2.04,0.0
-0.16,2.09,0.0
-0.16,2.14,0.0
-0.16,2.19,0.0
-0.16,2.24,0.0
-0.16,2.29,0.0
-0.11,-2.31,0.0
-0.11,-2.26,0.0
-0.11,-2.21,0.0
-0.11,-2.16,0.0
-0.11,-2.11,0.0
-0.11,-2.06,0.0
-0.11,-2.01,0.0
-0.11,-1.96,0.0
-0.11,-1.91,0.0
-0.11,-1.86,0.0
-0.11,-1.81,0.0
-0.11,-1.76,0.0
-0.11,-1.71,0.0
-0.11,-1.66,0.0
-0.11,-1.61,0.0
-0.11,-1.56,0.0
-0.11,-1.51,0.0
-0.11,-1.46,0.0
-0.11,-1.41,0.0
-0.11,-1.36,0.0
-0.11,-1.31,0.0
-0.11,-1.26,0.0
-0.11,-1.21,0.0
-0.11,-1.16,0.0
-0.11,-1.11,0.0
-0.11,-1.06,0.0
-0.11,-1.01,0.0
-0.11,-0.96,0.0
-0.11,-0.91,0.0
-0.11,-0.86,0.0
-0.11,-0.81,0.0
-0.11,-0.76,0.0
-0.11,-0.71,0.0
-0.11,-0.66,0.0
-0.11,-0.61,0.0
-0.11,-0.56,0.0
-0.11,-0.51,0.0
-0.11,-0.46,0.0
-0.11,-0.41,0.0
-0.11,-0.36,0.0
-0.11,-0.31,0.0
-0.11,-0.26,0.0
-0.11,-0.21,0.0
-0.11,-0.16,0.0
-0.11,-0.11,0.0
-0.11,-0.06,0.0
-0.11,-0.01,0.0
-0.11,0.04,0.0
-0.11,0.09,0.0
-0.11,0.14,0.0
-0.11,0.19,0.0
-0.11,0.24,0.0
-0.11,0.29,0.0
-0.11,0.34,0.0
-0.11,0.39,0.0
-0.11,0.44,0.0
-0.11,0.49,0.0
-0.11,0.54,0.0
-0.11,0.59,0.0
-0.11,0.64,0.0
-0.11,0.69,0.0
-0.11,0.74,0.0
-0.11,0.79,0.0
-0.11,0.84,0.0
-0.11,0.89,0.0
-0.11,0.94,0.0
-0.11,0.99,0.0
-0.11,1.04,0.0
-0.11,1.09,0.0
-0.11,1.14,0.0
-0.11,1.19,0.0
-0.11,1.24,0.0
-0.11,1.29,0.0
-0.11,1.34,0.0
-0.11,1.39,0.0
-0.11,1.44,0.0
-0.11,1.49,0.0
-0.11,1.54,0.0
-0.11,1.59,0.0
-0.11,1.64,0.0
-0.11,1.69,0.0
-0.11,1.74,0.0
-0.11,1.79,0.0
-0.11,1.84,0.0
-0.11,1.89,0.0
-0.11,1.94,0.0
-0.11,1.99,0.0
-0.11,2.04,0.0
-0.11,2.09,0.0
-0.11,2.14,0.0
-0.11,2.19,0.0
-0.11,2.24,0.0
-0.11,2.29,0.0
-0.11,2.34,0.0
-0.06,-2.36,0.0
-0.06,-2.31,0.0
-0.06,-2.26,0.0
-0.06,-2.21,0.0
-0.06,-2.16,0.0
-0.06,-2.11,0.0
-0.06,-2.06,0.0
-0.06,-2.01,0.0
-0.06,-1.96,0.0
-0.06,-1.91,0.0
-0.06,-1.86,0.0
-0.06,-1.81,0.0
-0.06,-1.76,0.0
-0.06,-1.71,0.0
-0.06,-1.66,0.0
-0.06,-1.61,0.0
-0.06,-1.56,0.0
-0.06,-1.51,0.0
-0.06,-1.46,0.0
-0.06,-1.41,0.0
-0.06,-1.36,0.0
-0.06,-1.31,0.0
-0.06,-1.26,0.0
-0.06,-1.21,0.0
-0.06,-1.16,0.0
-0.06,-1.11,0.0
-0.06,-1.06,0.0
-0.06,-1.01,0.0
-0.06,-0.96,0.0
-0.06,-0.91,0.0
-0.06,-0.86,0.0
-0.06,-0.81,0.0
-0.06,-0.76,0.0
-0.06,-0.71,0.0
-0.06,-0.66,0.0
-0.06,-0.61,0.0
-0.06,-0.56,0.0
-0.06,-0.51,0.0
-0.06,-0.46,0.0
-0.06,-0.41,0.0
-0.06,-0.36,0.0
-0.06,-0.31,0.0
-0.06,-0.26,0.0
-0.06,-0.21,0.0
-0.06,-0.16,0.0
-0.06,-0.11,0.0
-0.06,-0.06,0.0
-0.06,-0.01,0.0
-0.06,0.04,0.0
-0.06,0.09,0.0
-0.06,0.14,0.0
-0.06,0.19,0.0
-0.06,0.24,0.0
-0.06,0.29,0.0
-0.06,0.34,0.0
-0.06,0.39,0.0
-0.06,0.44,0.0
-0.06,0.49,0.0
-0.06,0.54,0.0
-0.06,0.59,0.0
-0.06,0.64,0.0
-0.06,0.69,0.0
-0.06,0.74,0.0
-0.06,0.79,0.0
-0.06,0.84,0.0
-0.06,0.89,0.0
-0.06,0.94,0.0
-0.06,0.99,0.0
-0.06,1.04,0.0
-0.06,1.09,0.0
-0.06,1.14,0.0
-0.06,1.19,0.0
-0.06,1.24,0.0
-0.06,1.29,0.0
-0.06,1.34,0.0
-0.06,1.39,0.0
-0.06,1.44,0.0
-0.06,1.49,0.0
-0.06,1.54,0.0
-0.06,1.59,0.0
-0.06,1.64,0.0
-0.06,1.69,0.0
-0.06,1.74,0.0
-0.06,1.79,0.0
-0.06,1.84,0.0
-0.06,1.89,0.0
-0.06,1.94,0.0
-0.06,1.99,0.0
-0.06,2.04,0.0
-0.06,2.09,0.0
-0.06,2.14,0.0
-0.06,2.19,0.0
-0.06,2.24,0.0
-0.06,2.29,0.0
-0.06,2.34,0.0
-0.01,-2.36,0.0
-0.01,-2.31,0.0
-0.01,-2.26,0.0
-0.01,-2.21,0.0
-0.01,-2.16,0.0
-0.01,-2.11,0.0
-0.01,-2.06,0.0
-0.01,-2.01,0.0
-0.01,-1.96,0.0
-0.01,-1.91,0.0
-0.01,-1.86,0.0
-0.01,-1.81,0.0
-0.01,-1.76,0.0
-0.01,-1.71,0.0
-0.01,-1.66,0.0
-0.01,-1.61,0.0
-0.01,-1.56,0.0
-0.01,-1.51,0.0
-0.01,-1.46,0.0
-0.01,-1.41,0.0
-0.01,-1.36,0.0
-0.01,-1.31,0.0
-0.01,-1.26,0.0
-0.01,-1.21,0.0
-0.01,-1.16,0.0
-0.01,-1.11,0.0
-0.01,-1.06,0.0
-0.01,-1.01,0.0
-0.01,-0.96,0.0
-0.01,-0.91,0.0
-0.01,-0.86,0.0
-0.01,-0.81,0.0
-0.01,-0.76,0.0
-0.01,-0.71,0.0
-0.01,-0.66,0.0
-0.01,-0.61,0.0
-0.01,-0.56,0.0
-0.01,-0.51,0.0
-0.01,-0.46,0.0
-0.01,-0.41,0.0
-0.01,-0.36,0.0
-0.01,-0.31,0.0
-0.01,-0.26,0.0
-0.01,-0.21,0.0
-0.01,-0.16,0.0
-0.01,-0.11,0.0
-0.01,-0.06,0.0
-0.01,-0.01,0.0
-0.01,0.04,0.0
-0.01,0.09,0.0
-0.01,0.14,0.0
-0.01,0.19,0.0
-0.01,0.24,0.0
-0.01,0.29,0.0
-0.01,0.34,0.0
-0.01,0.39,0.0
-0.01,0.44,0.0
-0.01,0.49,0.0
-0.01,0.54,0.0
-0.01,0.59,0.0
-0.01,0.64,0.0
-0.01,0.69,0.0
-0.01,0.74,0.0
-0.01,0.79,0.0
-0.01,0.84,0.0
-0.01,0.89,0.0
-0.01,0.94,0.0
-0.01,0.99,0.0
-0.01,1.04,0.0
-0.01,1.09,0.0
-0.01,1.14,0.0
-0.01,1.19,0.0
-0.01,1.24,0.0
-0.01,1.29,0.0
-0.01,1.34,0.0
-0.01,1.39,0.0
-0.01,1.44,0.0
-0.01,1.49,0.0
-0.01,1.54,0.0
-0.01,1.59,0.0
-0.01,1.64,0.0
-0.01,1.69,0.0
-0.01,1.74,0.0
-0.01,1.79,0.0
-0.01,1.84,0.0
-0.01,1.89,0.0
-0.01,1.94,0.0
-0.01,1.99,0.0
-0.01,2.04,0.0
-0.01,2.09,0.0
-0.01,2.14,0.0
-0.01,2.19,0.0
-0.01,2.24,0.0
-0.01,2.29,0.0
-0.01,2.34,0.0
0.04,-2.36,0.0
0.04,-2.31,0.0
0.04,-2.26,0.0
0.04,-2.21,0.0
0.04,-2.16,0.0
0.04,-2.11,0.0
0.04,-2.06,0.0
0.04,-2.01,0.0
0.04,-1.96,0.0
0.04,-1.91,0.0
0.04,-1.86,0.0
0.04,-1.81,0.0
0.04,-1.76,0.0
0.04,-1.71,0.0
0.04,-1.66,0.0
0.04,-1.61,0.0
0.04,-1.56,0.0
0.04,-1.51,0.0
0.04,-1.46,0.0
0.04,-1.41,0.0
0.04,-1.36,0.0
0.04,-1.31,0.0
0.04,-1.26,0.0
0.04,-1.21,0.0
0.04,-1.16,0.0
0.04,-1.11,0.0
0.04,-1.06,0.0
0.04,-1.01,0.0
0.04,-0.96,0.0
0.04,-0.91,0.0
0.04,-0.86,0.0
0.04,-0.81,0.0
0.04,-0.76,0.0
0.04,-0.71,0.0
0.04,-0.66,0.0
0.04,-0.61,0.0
0.04,-0.56,0.0
0.04,-0.51,0.0
0.04,-0.46,0.0
0.04,-0.41,0.0
0.04,-0.36,0.0
0.04,-0.31,0.0
0.04,-0.26,0.0
0.04,-0.21,0.0
0.04,-0.16,0.0
0.04,-0.11,0.0
0.04,-0.06,0.0
0.04,-0.01,0.0
0.04,0.04,0.0
0.04,0.09,0.0
0.04,0.14,0.0
0.04,0.19,0.0
0.04,0.24,0.0
0.04,0.29,0.0
0.04,0.34,0.0
0.04,0.39,0.0
0.04,0.44,0.0
0.04,0.49,0.0
0.04,0.54,0.0
0.04,0.59,0.0
0.04,0.64,0.0
0.04,0.69,0.0
0.04,0.74,0.0
0.04,0.79,0.0
0.04,0.84,0.0
0.04,0.89,0.0
0.04,0.94,0.0
0.04,0.99,0.0
0.04,1.04,0.0
0.04,1.09,0.0
0.04,1.14,0.0
0.04,1.19,0.0
0.04,1.24,0.0
0.04,1.29,0.0
0.04,1.34,0.0
0.04,1.39,0.0
0.04,1.44,0.0
0.04,1.49,0.0
0.04,1.54,0.0
0.04,1.59,0.0
0.04,1.64,0.0
0.04,1.69,0.0
0.04,1.74,0.0
0.04,1.79,0.0
0.04,1.84,0.0
0.04,1.89,0.0
0.04,1.94,0.0
0.04,1.99,0.0
0.04,2.04,0.0
0.04,2.09,0.0
0.04,2.14,0.0
0.04,2.19,0.0
0.04,2.24,0.0
0.04,2.29,0.0
0.04,2.34,0.0
0.09,-2.31,0.0
0.09,-2.26,0.0
0.09,-2.21,0.0
0.09,-2.16,0.0
0.09,-2.11,0.0
0.09,-2.06,0.0
0.09,-2.01,0.0
0.09,-1.96,0.0
0.09,-1.91,0.0
0.09,-1.86,0.0
0.09,-1.81,0.0
0.09,-1.76,0.0
0.09,-1.71,0.0
0.09,-1.66,0.0
0.09,-1.61,0.0
0.09,-1.56,0.0
0.09,-1.51,0.0
0.09,-1.46,0.0
0.09,-1.41,0.0
0.09,-1.36,0.0
0.09,-1.31,0.0
0.09,-1.26,0.0
0.09,-1.21,0.0
0.09,-1.16,0.0
0.09,-1.11,0.0
0.09,-1.06,0.0
0.09,-1.01,0.0
0.09,-0.96,0.0
0.09,-0.91,0.0
0.09,-0.86,0.0
0.09,-0.81,0.0
0.09,-0.76,0.0
0.09,-0.71,0.0
0.09,-0.66,0.0
0.09,-0.61,0.0
0.09,-0.56,0.0
0.09,-0.51,0.0
0.09,-0.46,0.0
0.09,-0.41,0.0
0.09,-0.36,0.0
0.09,-0.31,0.0
0.09,-0.26,0.0
0.09,-0.21,0.0
0.09,-0.16,0.0
0.09,-0.11,0.0
0.09,-0.06,0.0
0.09,-0.01,0.0
0.09,0.04,0.0
0.09,0.09,0.0
0.09,0.14,0.0
0.09,0.19,0.0
0.09,0.24,0.0
0.09,0.29,0.0
0.09,0.34,0.0
0.09,0.39,0.0
0.09,0.44,0.0
0.09,0.49,0.0
0.09,0.54,0.0
0.09,0.59,0.0
0.09,0.64,0.0
0.09,0.69,0.0
0.09,0.74,0.0
0.09,0.79,0.0
0.09,0.84,0.0
0.09,0.89,0.0
0.09,0.94,0.0
0.09,0.99,0.0
0.09,1.04,0.0
0.09,1.09,0.0
0.09,1.14,0.0
0.09,1.19,0.0
0.09,1.24,0.0
0.09,1.29,0.0
0.09,1.34,0.0
0.09,1.39,0.0
0.09,1.44,0.0
0.09,1.49,0.0
0.09,1.54,0.0
0.09,1.59,0.0
0.09,1.64,0.0
0.09,1.69,0.0
0.09,1.74,0.0
0.09,1.79,0.0
0.09,1.84,0.0
0.09,1.89,0.0
0.09,1.94,0.0
0.09,1.99,0.0
0.09,2.04,0.0
0.09,2.09,0.0
0.09,2.14,0.0
0.09,2.19,0.0
0.09,2.24,0.0
0.09,2.29,0.0
0.09,2.34,0.0
0.14,-2.31,0.0
0.14,-2.26,0.0
0.14,-2.21,0.0
0.14,-2.16,0.0
0.14,-2.11,0.0
0.14,-2.06,0.0
0.14,-2.01,0.0
0.14,-1.96,0.0
0.14,-1.91,0.0
0.14,-1.86,0.0
0.14,-1.81,0.0
0.14,-1.76,0.0
0.14,-1.71,0.0
0.14,-1.66,0.0
0.14,-1.61,0.0
0.14,-1.56,0.0
0.14,-1.51,0.0
0.14,-1.46,0.0
0.14,-1.41,0.0
0.14,-1.36,0.0
0.14,-1.31,0.0
0.14,-1.26,0.0
0.14,-1.21,0.0
0.14,-1.16,0.0
0.14,-1.11,0.0
0.14,-1.06,0.0
0.14,-1.01,0.0
0.14,-0.96,0.0
0.14,-0.91,0.0
0.14,-0.86,0.0
0.14,-0.81,0.0
0.14,-0.76,0.0
0.14,-0.71,0.0
0.14,-0.66,0.0
0.14,-0.61,0.0
0.14,-0.56,0.0
0.14,-0.51,0.0
0.14,-0.46,0.0
0.14,-0.41,0.0
0.14,-0.36,0.0
0.14,-0.31,0.0
0.14,-0.26,0.0
0.14,-0.21,0.0
0.14,-0.16,0.0
0.14,-0.11,0.0
0.14,-0.06,0.0
0.14,-0.01,0.0
0.14,0.04,0.0
0.14,0.09,0.0
0.14,0.14,0.0
0.14,0.19,0.0
0.14,0.24,0.0
0.14,0.29,0.0
0.14,0.34,0.0
0.14,0.39,0.0
0.14,0.44,0.0
0.14,0.49,0.0
0.14,0.54,0.0
0.14,0.59,0.0
0.14,0.64,0.0
0.14,0.69,0.0
0.14,0.74,0.0
0.14,0.79,0.0
0.14,0.84,0.0
0.14,0.89,0.0
0.14,0.94,0.0
0.14,0.99,0.0
0.14,1.04,0.0
0.14,1.09,0.0
0.14,1.14,0.0
0.14,1.19,0.0
0.14,1.24,0.0
0.14,1.29,0.0
0.14,1.34,0.0
0.14,1.39,0.0
0.14,1.44,0.0
0.14,1.49,0.0
0.14,1.54,0.0
0.14,1.59,0.0
0.14,1.64,0.0
0.14,1.69,0.0
0.14,1.74,0.0
0.14,1.79,0.0
0.14,1.84,0.0
0.14,1.89,0.0
0.14,1.94,0.0
0.14,1.99,0.0
0.14,2.04,0.0
0.14,2.09,0.0
0.14,2.14,0.0
0.14,2.19,0.0
0.14,2.24,0.0
0.14,2.29,0.0
0.19,-2.31,0.0
0.19,-2.26,0.0
0.19,-2.21,0.0
0.19,-2.16,0.0
0.19,-2.11,0.0
0.19,-2.06,0.0
0.19,-2.01,0.0
0.19,-1.96,0.0
0.19,-1.91,0.0
0.19,-1.86,0.0
0.19,-1.81,0.0
0.19,-1.76,0.0
0.19,-1.71,0.0
0.19,-1.66,0.0
0.19,-1.61,0.0
0.19,-1.56,0.0
0.19,-1.51,0.0
0.19,-1.46,0.0
0.19,-1.41,0.0
0.19,-1.36,0.0
0.19,-1.31,0.0
0.19,-1.26,0.0
0.19,-1.21,0.0
0.19,-1.16,0.0
0.19,-1.11,0.0
0.19,-1.06,0.0
0.19,-1.01,0.0
0.19,-0.96,0.0
0.19,-0.91,0.0
0.19,-0.86,0.0
0.19,-0.81,0.0
0.19,-0.76,0.0
0.19,-0.71,0.0
0.19,-0.66,0.0
0.19,-0.61,0.0
0.19,-0.56,0.0
0.19,-0.51,0.0
0.19,-0.46,0.0
0.19,-0.41,0.0
0.19,-0.36,0.0
0.19,-0.31,0.0
0.19,-0.26,0.0
0.19,-0.21,0.0
0.19,-0.16,0.0
0.19,-0.11,0.0
0.19,-0.06,0.0
0.19,-0.01,0.0
0.19,0.04,0.0
0.19,0.09,0.0
0.19,0.14,0.0
0.19,0.19,0.0
0.19,0.24,0.0
0.19,0.29,0.0
0.19,0.34,0.0
0.19,0.39,0.0
0.19,0.44,0.0
0.19,0.49,0.0
0.19,0.54,0.0
0.19,0.59,0.0
0.19,0.64,0.0
0.19,0.69,0.0
0.19,0.74,0.0
0.19,0.79,0.0
0.19,0.84,0.0
0.19,0.89,0.0
0.19,0.94,0.0
0.19,0.99,0.0
0.19,1.04,0.0
0.19,1.09,0.0
0.19,1.14,0.0
0.19,1.19,0.0
0.19,1.24,0.0
0.19,1.29,0.0
0.19,1.34,0.0
0.19,1.39,0.0
0.19,1.44,0.0
0.19,1.49,0.0
0.19,1.54,0.0
0.19,1.59,0.0
0.19,1.64,0.0
0.19,1.69,0.0
0.19,1.74,0.0
0.19,1.79,0.0
0.19,1.84,0.0
0.19,1.89,0.0
0.19,1.94,0.0
0.19,1.99,0.0
0.19,2.04,0.0
0.19,2.09,0.0
0.19,2.14,0.0
0.19,2.19,0.0
0.19,2.24,0.0
0.19,2.29,0.0
0.24,-2.26,0.0
0.24,-2.21,0.0
0.24,-2.16,0.0
0.24,-2.11,0.0
0.24,-2.06,0.0
0.24,-2.01,0.0
0.24,-1.96,0.0
0.24,-1.91,0.0
0.24,-1.86,0.0
0.24,-1.81,0.0
0.24,-1.76,0.0
0.24,-1.71,0.0
0.24,-1.66,0.0
0.24,-1.61,0.0
0.24,-1.56,0.0
0.24,-1.51,0.0
0.24,-1.46,0.0
0.24,-1.41,0.0
0.24,-1.36,0.0
0.24,-1.31,0.0
0.24,-1.26,0.0
0.24,-1.21,0.0
0.24,-1.16,0.0
0.24,-1.11,0.0
0.24,-1.06,0.0
0.24,-1.01,0.0
0.24,-0.96,0.0
0.24,-0.91,0.0
0.24,-0.86,0.0
0.24,-0.81,0.0
0.24,-0.76,0.0
0.24,-0.71,0.0
0.24,-0.66,0.0
0.24,-0.61,0.0
0.24,-0.56,0.0
0.24,-0.51,0.0
0.24,-0.46,0.0
0.24,-0.41,0.0
0.24,-0.36,0.0
0.24,-0.31,0.0
0.24,-0.26,0.0
0.24,-0.21,0.0
0.24,-0.16,0.0
0.24,-0.11,0.0
0.24,-0.06,0.0
0.24,-0.01,0.0
0.24,0.04,0.0
0.24,0.09,0.0
0.24,0.14,0.0
0.24,0.19,0.0
0.24,0.24,0.0
0.24,0.29,0.0
0.24,0.34,0.0
0.24,0.39,0.0
0.24,0.44,0.0
0.24,0.49,0.0
0.24,0.54,0.0
0.24,0.59,0.0
0.24,0.64,0.0
0.24,0.69,0.0
0.24,0.74,0.0
0.24,0.79,0.0
0.24,0.84,0.0
0.24,0.89,0.0
0.24,0.94,0.0
0.24,0.99,0.0
0.24,1.04,0.0
0.24,1.09,0.0
0.24,1.14,0.0
0.24,1.19,0.0
0.24,1.24,0.0
0.24,1.29,0.0
0.24,1.34,0.0
0.24,1.39,0.0
0.24,1.44,0.0
0.24,1.49,0.0
0.24,1.54,0.0
0.24,1.59,0.0
0.24,1.64,0.0
0.24,1.69,0.0
0.24,1.74,0.0
0.24,1.79,0.0
0.24,1.84,0.0
0.24,1.89,0.0
0.24,1.94,0.0
0.24,1.99,0.0
0.24,2.04,0.0
0.24,2.09,0.0
0.24,2.14,0.0
0.24,2.19,0.0
0.24,2.24,0.0
0.24,2.29,0.0
0.29,-2.26,0.0
0.29,-2.21,0.0
0.29,-2.16,0.0
0.29,-2.11,0.0
0.29,-2.06,0.0
0.29,-2.01,0.0
0.29,-1.96,0.0
0.29,-1.91,0.0
0.29,-1.86,0.0
0.29,-1.81,0.0
0.29,-1.76,0.0
0.29,-1.71,0.0
0.29,-1.66,0.0
0.29,-1.61,0.0
0.29,-1.56,0.0
0.29,-1.51,0.0
0.29,-1.46,0.0
0.29,-1.41,0.0
0.29,-1.36,0.0
0.29,-1.31,0.0
0.29,-1.26,0.0
0.29,-1.21,0.0
0.29,-1.16,0.0
0.29,-1.11,0.0
0.29,-1.06,0.0
0.29,-1.01,0.0
0.29,-0.96,0.0
0.29,-0.91,0.0
0.29,-0.86,0.0
0.29,-0.81,0.0
0.29,-0.76,0.0
0.29,-0.71,0.0
0.29,-0.66,0.0
0.29,-0.61,0.0
0.29,-0.56,0.0
0.29,-0.51,0.0
0.29,-0.46,0.0
0.29,-0.41,0.0
0.29,-0.36,0.0
0.29,-0.31,0.0
0.29,-0.26,0.0
0.29,-0.21,0.0
0.29,-0.16,0.0
0.29,-0.11,0.0
0.29,-0.06,0.0
0.29,-0.01,0.0
0.29,0.04,0.0
0.29,0.09,0.0
0.29,0.14,0.0
0.29,0.19,0.0
0.29,0.24,0.0
0.29,0.29,0.0
0.29,0.34,0.0
0.29,0.39,0.0
0.29,0.44,0.0
0.29,0.49,0.0
0.29,0.54,0.0
0.29,0.59,0.0
0.29,0.64,0.0
0.29,0.69,0.0
0.29,0.74,0.0
0.29,0.79,0.0
0.29,0.84,0.0
0.29,0.89,0.0
0.29,0.94,0.0
0.29,0.99,0.0
0.29,1.04,0.0
0.29,1.09,0.0
0.29,1.14,0.0
0.29,1.19,0.0
0.29,1.24,0.0
0.29,1.29,0.0
0.29,1.34,0.0
0.29,1.39,0.0
0.29,1.44,0.0
0.29,1.49,0.0
0.29,1.54,0.0
0.29,1.59,0.0
0.29,1.64,0.0
0.29,1.69,0.0
0.29,1.74,0.0
0.29,1.79,0.0
0.29,1.84,0.0
0.29,1.89,0.0
0.29,1.94,0.0
0.29,1.99,0.0
0.29,2.04,0.0
0.29,2.09,0.0
0.29,2.14,0.0
0.29,2.19,0.0
0.29,2.24,0.0
0.34,-2.21,0.0
0.34,-2.16,0.0
0.34,-2.11,0.0
0.34,-2.06,0.0
0.34,-2.01,0.0
0.34,-1.96,0.0
0.34,-1.91,0.0
0.34,-1.86,0.0
0.34,-1.81,0.0
0.34,-1.76,0.0
0.34,-1.71,0.0
0.34,-1.66,0.0
0.34,-1.61,0.0
0.34,-1.56,0.0
0.34,-1.51,0.0
0.34,-1.46,0.0
0.34,-1.41,0.0
0.34,-1.36,0.0
0.34,-1.31,0.0
0.34,-1.26,0.0
0.34,-1.21,0.0
0.34,-1.16,0.0
0.34,-1.11,0.0
0.34,-1.06,0.0
0.34,-1.01,0.0
0.34,-0.96,0.0
0.34,-0.91,0.0
0.34,-0.86,0.0
0.34,-0.81,0.0
0.34,-0.76,0.0
0.34,-0.71,0.0
0.34,-0.66,0.0
0.34,-0.61,0.0
0.34,-0.56,0.0
0.34,-0.51,0.0
0.34,-0.46,0.0
0.34,-0.41,0.0
0.34,-0.36,0.0
0.34,-0.31,0.0
0.34,-0.26,0.0
0.34,-0.21,0.0
0.34,-0.16,0.0
0.34,-0.11,0.0
0.34,-0.06,0.0
0.34,-0.01,0.0
0.34,0.04,0.0
0.34,0.09,0.0
0.34,0.14,0.0
0.34,0.19,0.0
0.34,0.24,0.0
0.34,0.29,0.0
0.34,0.34,0.0
0.34,0.39,0.0
0.34,0.44,0.0
0.34,0.49,0.0
0.34,0.54,0.0
0.34,0.59,0.0
0.34,0.64,0.0
0.34,0.69,0.0
0.34,0.74,0.0
0.34,0.79,0.0
0.34,0.84,0.0
0.34,0.89,0.0
0.34,0.94,0.0
0.34,0.99,0.0
0.34,1.04,0.0
0.34,1.09,0.0
0.34,1.14,0.0
0.34,1.19,0.0
0.34,1.24,0.0
0.34,1.29,0.0
0.34,1.34,0.0
0.34,1.39,0.0
0.34,1.44,0.0
0.34,1.49,0.0
0.34,1.54,0.0
0.34,1.59,0.0
0.34,1.64,0.0
0.34,1.69,0.0
0.34,1.74,0.0
0.34,1.79,0.0
0.34,1.84,0.0
0.34,1.89,0.0
0.34,1.94,0.0
0.34,1.99,0.0
0.34,2.04,0.0
0.34,2.09,0.0
0.34,2.14,0.0
0.34,2.19,0.0
0.34,2.24,0.0
0.39,-2.21,0.0
0.39,-2.16,0.0
0.39,-2.11,0.0
0.39,-2.06,0.0
0.39,-2.01,0.0
0.39,-1.96,0.0
0.39,-1.91,0.0
0.39,-1.86,0.0
0.39,-1.81,0.0
0.39,-1.76,0.0
0.39,-1.71,0.0
0.39,-1.66,0.0
0.39,-1.61,0.0
0.39,-1.56,0.0
0.39,-1.51,0.0
0.39,-1.46,0.0
0.39,-1.41,0.0
0.39,-1.36,0.0
0.39,-1.31,0.0
0.39,-1.26,0.0
0.39,-1.21,0.0
0.39,-1.16,0.0
0.39,-1.11,0.0
0.39,-1.06,0.0
0.39,-1.01,0.0
0.39,-0.96,0.0
0.39,-0.91,0.0
0.39,-0.86,0.0
0.39,-0.81,0.0
0.39,-0.76,0.0
0.39,-0.71,0.0
0.39,-0.66,0.0
0.39,-0.61,0.0
0.39,-0.56,0.0
0.39,-0.51,0.0
0.39,-0.46,0.0
0.39,-0.41,0.0
0.39,-0.36,0.0
0.39,-0.31,0.0
0.39,-0.26,0.0
0.39,-0.21,0.0
0.39,-0.16,0.0
0.39,-0.11,0.0
0.39,-0.06,0.0
0.39,-0.01,0.0
0.39,0.04,0.0
0.39,0.09,0.0
0.39,0.14,0.0
0.39,0.19,0.0
0.39,0.24,0.0
0.39,0.29,0.0
0.39,0.34,0.0
0.39,0.39,0.0
0.39,0.44,0.0
0.39,0.49,0.0
0.39,0.54,0.0
0.39,0.59,0.0
0.39,0.64,0.0
0.39,0.69,0.0
0.39,0.74,0.0
0.39,0.79,0.0
0.39,0.84,0.0
0.39,0.89,0.0
0.39,0.94,0.0
0.39,0.99,0.0
0.39,1.04,0.0
0.39,1.09,0.0
0.39,1.14,0.0
0.39,1.19,0.0
0.39,1.24,0.0
0.39,1.29,0.0
0.39,1.34,0.0
0.39,1.39,0.0
0.39,1.44,0.0
0.39,1.49,0.0
0.39,1.54,0.0
0.39,1.59,0.0
0.39,1.64,0.0
0.39,1.69,0.0
0.39,1.74,0.0
0.39,1.79,0.0
0.39,1.84,0.0
0.39,1.89,0.0
0.39,1.94,0.0
0.39,1.99,0.0
0.39,2.04,0.0
0.39,2.09,0.0
0.39,2.14,0.0
0.39,2.19,0.0
0.44,-2.21,0.0
0.44,-2.16,0.0
0.44,-2.11,0.0
0.44,-2.06,0.0
0.44,-2.01,0.0
0.44,-1.96,0.0
0.44,-1.91,0.0
0.44,-1.86,0.0
0.44,-1.81,0.0
0.44,-1.76,0.0
0.44,-1.71,0.0
0.44,-1.66,0.0
0.44,-1.61,0.0
0.44,-1.56,0.0
0.44,-1.51,0.0
0.44,-1.46,0.0
0.44,-1.41,0.0
0.44,-1.36,0.0
0.44,-1.31,0.0
0.44,-1.26,0.0
0.44,-1.21,0.0
0.44,-1.16,0.0
0.44,-1.11,0.0
0.44,-1.06,0.0
0.44,-1.01,0.0
0.44,-0.96,0.0
0.44,-0.91,0.0
0.44,-0.86,0.0
0.44,-0.81,0.0
0.44,-0.76,0.0
0.44,-0.71,0.0
0.44,-0.66,0.0
0.44,-0.61,0.0
0.44,-0.56,0.0
0.44,-0.51,0.0
0.44,-0.46,0.0
0.44,-0.41,0.0
0.44,-0.36,0.0
0.44,-0.31,0.0
0.44,-0.26,0.0
0.44,-0.21,0.0
0.44,-0.16,0.0
0.44,-0.11,0.0
0.44,-0.06,0.0
0.44,-0.01,0.0
0.44,0.04,0.0
0.44,0.09,0.0
0.44,0.14,0.0
0.44,0.19,0.0
0.44,0.24,0.0
0.44,0.29,0.0
0.44,0.34,0.0
0.44,0.39,0.0
0.44,0.44,0.0
0.44,0.49,0.0
0.44,0.54,0.0
0.44,0.59,0.0
0.44,0.64,0.0
0.44,0.69,0.0
0.44,0.74,0.0
0.44,0.79,0.0
0.44,0.84,0.0
0.44,0.89,0.0
0.44,0.94,0.0
0.44,0.99,0.0
0.44,1.04,0.0
0.44,1.09,0.0
0.44,1.14,0.0
0.44,1.19,0.0
0.44,1.24,0.0
0.44,1.29,0.0
0.44,1.34,0.0
0.44,1.39,0.0
0.44,1.44,0.0
0.44,1.49,0.0
0.44,1.54,0.0
0.44,1.59,0.0
0.44,1.64,0.0
0.44,1.69,0.0
0.44,1.74,0.0
0.44,1.79,0.0
0.44,1.84,0.0
0.44,1.89,0.0
0.44,1.94,0.0
0.44,1.99,0.0
0.44,2.04,0.0
0.44,2.09,0.0
0.44,2.14,0.0
0.44,2.19,0.0
0.49,-2.16,0.0
0.49,-2.11,0.0
0.49,-2.06,0.0
0.49,-2.01,0.0
0.49,-1.96,0.0
0.49,-1.91,0.0
0.49,-1.86,0.0
0.49,-1.81,0.0
0.49,-1.76,0.0
0.49,-1.71,0.0
0.49,-1.66,0.0
0.49,-1.61,0.0
0.49,-1.56,0.0
0.49,-1.51,0.0
0.49,-1.46,0.0
0.49,-1.41,0.0
0.49,-1.36,0.0
0.49,-1.31,0.0
0.49,-1.26,0.0
0.49,-1.21,0.0
0.49,-1.16,0.0
0.49,-1.11,0.0
0.49,-1.06,0.0
0.49,-1.01,0.0
0.49,-0.96,0.0
0.49,-0.91,0.0
0.49,-0.86,0.0
0.49,-0.81,0.0
0.49,-0.76,0.0
0.49,-0.71,0.0
0.49,-0.66,0.0
0.49,-0.61,0.0
0.49,-0.56,0.0
0.49,-0.51,0.0
0.49,-0.46,0.0
0.49,-0.41,0.0
0.49,-0.36,0.0
0.49,-0.31,0.0
0.49,-0.26,0.0
0.49,-0.21,0.0
0.49,-0.16,0.0
0.49,-0.11,0.0
0.49,-0.06,0.0
0.49,-0.01,0.0
0.49,0.04,0.0
0.49,0.09,0.0
0.49,0.14,0.0
0.49,0.19,0.0
0.49,0.24,0.0
0.49,0.29,0.0
0.49,0.34,0.0
0.49,0.39,0.0
0.49,0.44,0.0
0.49,0.49,0.0
0.49,0.54,0.0
0.49,0.59,0.0
0.49,0.64,0.0
0.49,0.69,0.0
0.49,0.74,0.0
0.49,0.79,0.0
0.49,0.84,0.0
0.49,0.89,0.0
0.49,0.94,0.0
0.49,0.99,0.0
0.49,1.04,0.0
0.49,1.09,0.0
0.49,1.14,0.0
0.49,1.19,0.0
0.49,1.24,0.0
0.49,1.29,0.0
0.49,1.34,0.0
0.49,1.39,0.0
0.49,1.44,0.0
0.49,1.49,0.0
0.49,1.54,0.0
0.49,1.59,0.0
0.49,1.64,0.0
0.49,1.69,0.0
0.49,1.74,0.0
0.49,1.79,0.0
0.49,1.84,0.0
0.49,1.89,0.0
0.49,1.94,0.0
0.49,1.99,0.0
0.49,2.04,0.0
0.49,2.09,0.0
0.49,2.14,0.0
0.49,2.19,0.0
0.54,-2.16,0.0
0.54,-2.11,0.0
0.54,-2.06,0.0
0.54,-2.01,0.0
0.54,-1.96,0.0
0.54,-1.91,0.0
0.54,-1.86,0.0
0.54,-1.81,0.0
0.54,-1.76,0.0
0.54,-1.71,0.0
0.54,-1.66,0.0
0.54,-1.61,0.0
0.54,-1.56,0.0
0.54,-1.51,0.0
0.54,-1.46,0.0
0.54,-1.41,0.0
0.54,-1.36,0.0
0.54,-1.31,0.0
0.54,-1.26,0.0
0.54,-1.21,0.0
0.54,-1.16,0.0
0.54,-1.11,0.0
0.54,-1.06,0.0
0.54,-1.01,0.0
0.54,-0.96,0.0
0.54,-0.91,0.0
0.54,-0.86,0.0
0.54,-0.81,0.0
0.54,-0.76,0.0
0.54,-0.71,0.0
0.54,-0.66,0.0
0.54,-0.61,0.0
0.54,-0.56,0.0
0.54,-0.51,0.0
0.54,-0.46,0.0
0.54,-0.41,0.0
0.54,-0.36,0.0
0.54,-0.31,0.0
0.54,-0.26,0.0
0.54,-0.21,0.0
0.54,-0.16,0.0
0.54,-0.11,0.0
0.54,-0.06,0.0
0.54,-0.01,0.0
0.54,0.04,0.0
0.54,0.09,0.0
0.54,0.14,0.0
0.54,0.19,0.0
0.54,0.24,0.0
0.54,0.29,0.0
0.54,0.34,0.0
0.54,0.39,0.0
0.54,0.44,0.0
0.54,0.49,0.0
0.54,0.54,0.0
0.54,0.59,0.0
0.54,0.64,0.0
0.54,0.69,0.0
0.54,0.74,0.0
0.54,0.79,0.0
0.54,0.84,0.0
0.54,0.89,0.0
0.54,0.94,0.0
0.54,0.99,0.0
0.54,1.04,0.0
0.54,1.09,0.0
0.54,1.14,0.0
0.54,1.19,0.0
0.54,1.24,0.0
0.54,1.29,0.0
0.54,1.34,0.0
0.54,1.39,0.0
0.54,1.44,0.0
0.54,1.49,0.0
0.54,1.54,0.0
0.54,1.59,0.0
0.54,1.64,0.0
0.54,1.69,0.0
0.54,1.74,0.0
0.54,1.79,0.0
0.54,1.84,0.0
0.54,1.89,0.0
0.54,1.94,0.0
0.54,1.99,0.0
0.54,2.04,0.0
0.54,2.09,0.0
0.54,2.14,0.0
0.59,-2.11,0.0
0.59,-2.06,0.0
0.59,-2.01,0.0
0.59,-1.96,0.0
0.59,-1.91,0.0
0.59,-1.86,0.0
0.59,-1.81,0.0
0.59,-1.76,0.0
0.59,-1.71,0.0
0.59,-1.66,0.0
0.59,-1.61,0.0
0.59,-1.56,0.0
0.59,-1.51,0.0
0.59,-1.46,0.0
0.59,-1.41,0.0
0.59,-1.36,0.0
0.59,-1.31,0.0
0.59,-1.26,0.0
0.59,-1.21,0.0
0.59,-1.16,0.0
0.59,-1.11,0.0
0.59,-1.06,0.0
0.59,-1.01,0.0
0.59,-0.96,0.0
0.59,-0.91,0.0
0.59,-0.86,0.0
0.59,-0.81,0.0
0.59,-0.76,0.0
0.59,-0.71,0.0
0.59,-0.66,0.0
0.59,-0.61,0.0
0.59,-0.56,0.0
0.59,-0.51,0.0
0.59,-0.46,0.0
0.59,-0.41,0.0
0.59,-0.36,0.0
0.59,-0.31,0.0
0.59,-0.26,0.0
0.59,-0.21,0.0
0.59,-0.16,0.0
0.59,-0.11,0.0
0.59,-0.06,0.0
0.59,-0.01,0.0
0.59,0.04,0.0
0.59,0.09,0.0
0.59,0.14,0.0
0.59,0.19,0.0
0.59,0.24,0.0
0.59,0.29,0.0
0.59,0.34,0.0
0.59,0.39,0.0
0.59,0.44,0.0
0.59,0.49,0.0
0.59,0.54,0.0
0.59,0.59,0.0
0.59,0.64,0.0
0.59,0.69,0.0
0.59,0.74,0.0
0.59,0.79,0.0
0.59,0.84,0.0
0.59,0.89,0.0
0.59,0.94,0.0
0.59,0.99,0.0
0.59,1.04,0.0
0.59,1.09,0.0
0.59,1.14,0.0
0.59,1.19,0.0
0.59,1.24,0.0
0.59,1.29,0.0
0.59,1.34,0.0
0.59,1.39,0.0
0.59,1.44,0.0
0.59,1.49,0.0
0.59,1.54,0.0
0.59,1.59,0.0
0.59,1.64,0.0
0.59,1.69,0.0
0.59,1.74,0.0
0.59,1.79,0.0
0.59,1.84,0.0
0.59,1.89,0.0
0.59,1.94,0.0
0.59,1.99,0.0
0.59,2.04,0.0
0.59,2.09,0.0
0.59,2.14,0.0
0.64,-2.11,0.0
0.64,-2.06,0.0
0.64,-2.01,0.0
0.64,-1.96,0.0
0.64,-1.91,0.0
0.64,-1.86,0.0
0.64,-1.81,0.0
0.64,-1.76,0.0
0.64,-1.71,0.0
0.64,-1.66,0.0
0.64,-1.61,0.0
0.64,-1.56,0.0
0.64,-1.51,0.0
0.64,-1.46,0.0
0.64,-1.41,0.0
0.64,-1.36,0.0
0.64,-1.31,0.0
0.64,-1.26,0.0
0.64,-1.21,0.0
0.64,-1.16,0.0
0.64,-1.11,0.0
0.64,-1.06,0.0
0.64,-1.01,0.0
0.64,-0.96,0.0
0.64,-0.91,0.0
0.64,-0.86,0.0
0.64,-0.81,0.0
0.64,-0.76,0.0
0.64,-0.71,0.0
0.64,-0.66,0.0
0.64,-0.61,0.0
0.64,-0.56,0.0
0.64,-0.51,0.0
0.64,-0.46,0.0
0.64,-0.41,0.0
0.64,-0.36,0.0
0.64,-0.31,0.0
0.64,-0.26,0.0
0.64,-0.21,0.0
0.64,-0.16,0.0
0.64,-0.11,0.0
0.64,-0.06,0.0
0.64,-0.01,0.0
0.64,0.04,0.0
0.64,0.09,0.0
0.64,0.14,0.0
0.64,0.19,0.0
0.64,0.24,0.0
0.64,0.29,0.0
0.64,0.34,0.0
0.64,0.39,0.0
0.64,0.44,0.0
0.64,0.49,0.0
0.64,0.54,0.0
0.64,0.59,0.0
0.64,0.64,0.0
0.64,0.69,0.0
0.64,0.74,0.0
0.64,0.79,0.0
0.64,0.84,0.0
0.64,0.89,0.0
0.64,0.94,0.0
0.64,0.99,0.0
0.64,1.04,0.0
0.64,1.09,0.0
0.64,1.14,0.0
0.64,1.19,0.0
0.64,1.24,0.0
0.64,1.29,0.0
0.64,1.34,0.0
0.64,1.39,0.0
0.64,1.44,0.0
0.64,1.49,0.0
0.64,1.54,0.0
0.64,1.59,0.0
0.64,1.64,0.0
0.64,1.69,0.0
0.64,1.74,0.0
0.64,1.79,0.0
0.64,1.84,0.0
0.64,1.89,0.0
0.64,1.94,0.0
0.64,1.99,0.0
0.64,2.04,0.0
0.64,2.09,0.0
0.69,-2.11,0.0
0.69,-2.06,0.0
0.69,-2.01,0.0
0.69,-1.96,0.0
0.69,-1.91,0.0
0.69,-1.86,0.0
0.69,-1.81,0.0
0.69,-1.76,0.0
0.69,-1.71,0.0
0.69,-1.66,0.0
0.69,-1.61,0.0
0.69,-1.56,0.0
0.69,-1.51,0.0
0.69,-1.46,0.0
0.69,-1.41,0.0
0.69,-1.36,0.0
0.69,-1.31,0.0
0.69,-1.26,0.0
0.69,-1.21,0.0
0.69,-1.16,0.0
0.69,-1.11,0.0
0.69,-1.06,0.0
0.69,-1.01,0.0
0.69,-0.96,0.0
0.69,-0.91,0.0
0.69,-0.86,0.0
0.69,-0.81,0.0
0.69,-0.76,0.0
0.69,-0.71,0.0
0.69,-0.66,0.0
0.69,-0.61,0.0
0.69,-0.56,0.0
0.69,-0.51,0.0
0.69,-0.46,0.0
0.69,-0.41,0.0
0.69,-0.36,0.0
0.69,-0.31,0.0
0.69,-0.26,0.0
0.69,-0.21,0.0
0.69,-0.16,0.0
0.69,-0.11,0.0
0.69,-0.06,0.0
0.69,-0.01,0.0
0.69,0.04,0.0
0.69,0.09,0.0
0.69,0.14,0.0
0.69,0.19,0.0
0.69,0.24,0.0
0.69,0.29,0.0
0.69,0.34,0.0
0.69,0.39,0.0
0.69,0.44,0.0
0.69,0.49,0.0
0.69,0.54,0.0
0.69,0.59,0.0
0.69,0.64,0.0
0.69,0.69,0.0
0.69,0.74,0.0
0.69,0.79,0.0
0.69,0.84,0.0
0.69,0.89,0.0
0.69,0.94,0.0
0.69,0.99,0.0
0.69,1.04,0.0
0.69,1.09,0.0
0.69,1.14,0.0
0.69,1.19,0.0
0.69,1.24,0.0
0.69,1.29,0.0
0.69,1.34,0.0
0.69,1.39,0.0
0.69,1.44,0.0
0.69,1.49,0.0
0.69,1.54,0.0
0.69,1.59,0.0
0.69,1.64,0.0
0.69,1.69,0.0
0.69,1.74,0.0
0.69,1.79,0.0
0.69,1.84,0.0
0.69,1.89,0.0
0.69,1.94,0.0
0.69,1.99,0.0
0.69,2.04,0.0
0.69,2.09,0.0
0.74,-2.06,0.0
0.74,-2.01,0.0
0.74,-1.96,0.0
0.74,-1.91,0.0
0.74,-1.86,0.0
0.74,-1.81,0.0
0.74,-1.76,0.0
0.74,-1.71,0.0
0.74,-1.66,0.0
0.74,-1.61,0.0
0.74,-1.56,0.0
0.74,-1.51,0.0
0.74,-1.46,0.0
0.74,-1.41,0.0
0.74,-1.36,0.0
0.74,-1.31,0.0
0.74,-1.26,0.0
0.74,-1.21,0.0
0.74,-1.16,0.0
0.74,-1.11,0.0
0.74,-1.06,0.0
0.74,-1.01,0.0
0.74,-0.96,0.0
0.74,-0.91,0.0
0.74,-0.86,0.0
0.74,-0.81,0.0
0.74,-0.76,0.0
0.74,-0.71,0.0
0.74,-0.66,0.0
0.74,-0.61,0.0
0.74,-0.56,0.0
0.74,-0.51,0.0
0.74,-0.46,0.0
0.74,-0.41,0.0
0.74,-0.36,0.0
0.74,-0.31,0.0
0.74,-0.26,0.0
0.74,-0.21,0.0
0.74,-0.16,0.0
0.74,-0.11,0.0
0.74,-0.06,0.0
0.74,-0.01,0.0
0.74,0.04,0.0
0.74,0.09,0.0
0.74,0.14,0.0
0.74,0.19,0.0
0.74,0.24,0.0
0.74,0.29,0.0
0.74,0.34,0.0
0.74,0.39,0.0
0.74,0.44,0.0
0.74,0.49,0.0
0.74,0.54,0.0
0.74,0.59,0.0
0.74,0.64,0.0
0.74,0.69,0.0
0.74,0.74,0.0
0.74,0.79,0.0
0.74,0.84,0.0
0.74,0.89,0.0
0.74,0.94,0.0
0.74,0.99,0.0
0.74,1.04,0.0
0.74,1.09,0.0
0.74,1.14,0.0
0.74,1.19,0.0
0.74,1.24,0.0
0.74,1.29,0.0
0.74,1.34,0.0
0.74,1.39,0.0
0.74,1.44,0.0
0.74,1.49,0.0
0.74,1.54,0.0
0.74,1.59,0.0
0.74,1.64,0.0
0.74,1.69,0.0
0.74,1.74,0.0
0.74,1.79,0.0
0.74,1.84,0.0
0.74,1.89,0.0
0.74,1.94,0.0
0.74,1.99,0.0
0.74,2.04,0.0
0.79,-2.06,0.0
0.79,-2.01,0.0
0.79,-1.96,0.0
0.79,-1.91,0.0
0.79,-1.86,0.0
0.79,-1.81,0.0
0.79,-1.76,0.0
0.79,-1.71,0.0
0.79,-1.66,0.0
0.79,-1.61,0.0
0.79,-1.56,0.0
0.79,-1.51,0.0
0.79,-1.46,0.0
0.79,-1.41,0.0
0.79,-1.36,0.0
0.79,-1.31,0.0
0.79,-1.26,0.0
0.79,-1.21,0.0
0.79,-1.16,0.0
0.79,-1.11,0.0
0.79,-1.06,0.0
0.79,-1.01,0.0
0.79,-0.96,0.0
0.79,-0.91,0.0
0.79,-0.86,0.0
0.79,-0.81,0.0
0.79,-0.76,0.0
0.79,-0.71,0.0
0.79,-0.66,0.0
0.79,-0.61,0.0
0.79,-0.56,0.0
0.79,-0.51,0.0
0.79,-0.46,0.0
0.79,-0.41,0.0
0.79,-0.36,0.0
0.79,-0.31,0.0
0.79,-0.26,0.0
0.79,-0.21,0.0
0.79,-0.16,0.0
0.79,-0.11,0.0
0.79,-0.06,0.0
0.79,-0.01,0.0
0.79,0.04,0.0
0.79,0.09,0.0
0.79,0.14,0.0
0.79,0.19,0.0
0.79,0.24,0.0
0.79,0.29,0.0
0.79,0.34,0.0
0.79,0.39,0.0
0.79,0.44,0.0
0.79,0.49,0.0
0.79,0.54,0.0
0.79,0.59,0.0
0.79,0.64,0.0
0.79,0.69,0.0
0.79,0.74,0.0
0.79,0.79,0.0
0.79,0.84,0.0
0.79,0.89,0.0
0.79,0.94,0.0
0.79,0.99,0.0
0.79,1.04,0.0
0.79,1.09,0.0
0.79,1.14,0.0
0.79,1.19,0.0
0.79,1.24,0.0
0.79,1.29,0.0
0.79,1.34,0.0
0.79,1.39,0.0
0.79,1.44,0.0
0.79,1.49,0.0
0.79,1.54,0.0
0.79,1.59,0.0
0.79,1.64,0.0
0.79,1.69,0.0
0.79,1.74,0.0
0.79,1.79,0.0
0.79,1.84,0.0
0.79,1.89,0.0
0.79,1.94,0.0
0.79,1.99,0.0
0.79,2.04,0.0
0.84,-2.01,0.0
0.84,-1.96,0.0
0.84,-1.91,0.0
0.84,-1.86,0.0
0.84,-1.81,0.0
0.84,-1.76,0.0
0.84,-1.71,0.0
0.84,-1.66,0.0
0.84,-1.61,0.0
0.84,-1.56,0.0
0.84,-1.51,0.0
0.84,-1.46,0.0
0.84,-1.41,0.0
0.84,-1.36,0.0
0.84,-1.31,0.0
0.84,-1.26,0.0
0.84,-1.21,0.0
0.84,-1.16,0.0
0.84,-1.11,0.0
0.84,-1.06,0.0
0.84,-1.01,0.0
0.84,-0.96,0.0
0.84,-0.91,0.0
0.84,-0.86,0.0
0.84,-0.81,0.0
0.84,-0.76,0.0
0.84,-0.71,0.0
0.84,-0.66,0.0
0.84,-0.61,0.0
0.84,-0.56,0.0
0.84,-0.51,0.0
0.84,-0.46,0.0
0.84,-0.41,0.0
0.84,-0.36,0.0
0.84,-0.31,0.0
0.84,-0.26,0.0
0.84,-0.21,0.0
0.84,-0.16,0.0
0.84,-0.11,0.0
0.84,-0.06,0.0
0.84,-0.01,0.0
0.84,0.04,0.0
0.84,0.09,0.0
0.84,0.14,0.0
0.84,0.19,0.0
0.84,0.24,0.0
0.84,0.29,0.0
0.84,0.34,0.0
0.84,0.39,0.0
0.84,0.44,0.0
0.84,0.49,0.0
0.84,0.54,0.0
0.84,0.59,0.0
0.84,0.64,0.0
0.84,0.69,0.0
0.84,0.74,0.0
0.84,0.79,0.0
0.84,0.84,0.0
0.84,0.89,0.0
0.84,0.94,0.0
0.84,0.99,0.0
0.84,1.04,0.0
0.84,1.09,0.0
0.84,1.14,0.0
0.84,1.19,0.0
0.84,1.24,0.0
0.84,1.29,0.0
0.84,1.34,0.0
0.84,1.39,0.0
0.84,1.44,0.0
0.84,1.49,0.0
0.84,1.54,0.0
0.84,1.59,0.0
0.84,1.64,0.0
0.84,1.69,0.0
0.84,1.74,0.0
0.84,1.79,0.0
0.84,1.84,0.0
0.84,1.89,0.0
0.84,1.94,0.0
0.84,1.99,0.0
0.84,2.04,0.0
0.89,-2.01,0.0
0.89,-1.96,0.0
0.89,-1.91,0.0
0.89,-1.86,0.0
0.89,-1.81,0.0
0.89,-1.76,0.0
0.89,-1.71,0.0
0.89,-1.66,0.0
0.89,-1.61,0.0
0.89,-1.56,0.0
0.89,-1.51,0.0
0.89,-1.46,0.0
0.89,-1.41,0.0
0.89,-1.36,0.0
0.89,-1.31,0.0
0.89,-1.26,0.0
0.89,-1.21,0.0
0.89,-1.16,0.0
0.89,-1.11,0.0
0.89,-1.06,0.0
0.89,-1.01,0.0
0.89,-0.96,0.0
0.89,-0.91,0.0
0.89,-0.86,0.0
0.89,-0.81,0.0
0.89,-0.76,0.0
0.89,-0.71,0.0
0.89,-0.66,0.0
0.89,-0.61,0.0
0.89,-0.56,0.0
0.89,-0.51,0.0
0.89,-0.46,0.0
0.89,-0.41,0.0
0.89,-0.36,0.0
0.89,-0.31,0.0
0.89,-0.26,0.0
0.89,-0.21,0.0
0.89,-0.16,0.0
0.89,-0.11,0.0
0.89,-0.06,0.0
0.89,-0.01,0.0
0.89,0.04,0.0
0.89,0.09,0.0
0.89,0.14,0.0
0.89,0.19,0.0
0.89,0.24,0.0
0.89,0.29,0.0
0.89,0.34,0.0
0.89,0.39,0.0
0.89,0.44,0.0
0.89,0.49,0.0
0.89,0.54,0.0
0.89,0.59,0.0
0.89,0.64,0.0
0.89,0.69,0.0
0.89,0.74,0.0
0.89,0.79,0.0
0.89,0.84,0.0
0.89,0.89,0.0
0.89,0.94,0.0
0.89,0.99,0.0
0.89,1.04,0.0
0.89,1.09,0.0
0.89,1.14,0.0
0.89,1.19,0.0
0.89,1.24,0.0
0.89,1.29,0.0
0.89,1.34,0.0
0.89,1.39,0.0
0.89,1.44,0.0
0.89,1.49,0.0
0.89,1.54,0.0
0.89,1.59,0.0
0.89,1.64,0.0
0.89,1.69,0.0
0.89,1.74,0.0
0.89,1.79,0.0
0.89,1.84,0.0
0.89,1.89,0.0
0.89,1.94,0.0
0.89,1.99,0.0
0.94,-1.96,0.0
0.94,-1.91,0.0
0.94,-1.86,0.0
0.94,-1.81,0.0
0.94,-1.76,0.0
0.94,-1.71,0.0
0.94,-1.66,0.0
0.94,-1.61,0.0
0.94,-1.56,0.0
0.94,-1.51,0.0
0.94,-1.46,0.0
0.94,-1.41,0.0
0.94,-1.36,0.0
0.94,-1.31,0.0
0.94,-1.26,0.0
0.94,-1.21,0.0
0.94,-1.16,0.0
0.94,-1.11,0.0
0.94,-1.06,0.0
0.94,-1.01,0.0
0.94,-0.96,0.0
0.94,-0.91,0.0
0.94,-0.86,0.0
0.94,-0.81,0.0
0.94,-0.76,0.0
0.94,-0.71,0.0
0.94,-0.66,0.0
0.94,-0.61,0.0
0.94,-0.56,0.0
0.94,-0.51,0.0
0.94,-0.46,0.0
0.94,-0.41,0.0
0.94,-0.36,0.0
0.94,-0.31,0.0
0.94,-0.26,0.0
0.94,-0.21,0.0
0.94,-0.16,0.0
0.94,-0.11,0.0
0.94,-0.06,0.0
0.94,-0.01,0.0
0.94,0.04,0.0
0.94,0.09,0.0
0.94,0.14,0.0
0.94,0.19,0.0
0.94,0.24,0.0
0.94,0.29,0.0
0.94,0.34,0.0
0.94,0.39,0.0
0.94,0.44,0.0
0.94,0.49,0.0
0.94,0.54,0.0
0.94,0.59,0.0
0.94,0.64,0.0
0.94,0.69,0.0
0.94,0.74,0.0
0.94,0.79,0.0
0.94,0.84,0.0
0.94,0.89,0.0
0.94,0.94,0.0
0.94,0.99,0.0
0.94,1.04,0.0
0.94,1.09,0.0
0.94,1.14,0.0
0.94,1.19,0.0
0.94,1.24,0.0
0.94,1.29,0.0
0.94,1.34,0.0
0.94,1.39,0.0
0.94,1.44,0.0
0.94,1.49,0.0
0.94,1.54,0.0
0.94,1.59,0.0
0.94,1.64,0.0
0.94,1.69,0.0
0.94,1.74,0.0
0.94,1.79,0.0
0.94,1.84,0.0
0.94,1.89,0.0
0.94,1.94,0.0
0.94,1.99,0.0
0.99,-1.96,0.0
0.99,-1.91,0.0
0.99,-1.86,0.0
0.99,-1.81,0.0
0.99,-1.76,0.0
0.99,-1.71,0.0
0.99,-1.66,0.0
0.99,-1.61,0.0
0.99,-1.56,0.0
0.99,-1.51,0.0
0.99,-1.46,0.0
0.99,-1.41,0.0
0.99,-1.36,0.0
0.99,-1.31,0.0
0.99,-1.26,0.0
0.99,-1.21,0.0
0.99,-1.16,0.0
0.99,-1.11,0.0
0.99,-1.06,0.0
0.99,-1.01,0.0
0.99,-0.96,0.0
0.99,-0.91,0.0
0.99,-0.86,0.0
0.99,-0.81,0.0
0.99,-0.76,0.0
0.99,-0.71,0.0
0.99,-0.66,0.0
0.99,-0.61,0.0
0.99,-0.56,0.0
0.99,-0.51,0.0
0.99,-0.46,0.0
0.99,-0.41,0.0
0.99,-0.36,0.0
0.99,-0.31,0.0
0.99,-0.26,0.0
0.99,-0.21,0.0
0.99,-0.16,0.0
0.99,-0.11,0.0
0.99,-0.06,0.0
0.99,-0.01,0.0
0.99,0.04,0.0
0.99,0.09,0.0
0.99,0.14,0.0
0.99,0.19,0.0
0.99,0.24,0.0
0.99,0.29,0.0
0.99,0.34,0.0
0.99,0.39,0.0
0.99,0.44,0.0
0.99,0.49,0.0
0.99,0.54,0.0
0.99,0.59,0.0
0.99,0.64,0.0
0.99,0.69,0.0
0.99,0.74,0.0
0.99,0.79,0.0
0.99,0.84,0.0
0.99,0.89,0.0
0.99,0.94,0.0
0.99,0.99,0.0
0.99,1.04,0.0
0.99,1.09,0.0
0.99,1.14,0.0
0.99,1.19,0.0
0.99,1.24,0.0
0.99,1.29,0.0
0.99,1.34,0.0
0.99,1.39,0.0
0.99,1.44,0.0
0.99,1.49,0.0
0.99,1.54,0.0
0.99,1.59,0.0
0.99,1.64,0.0
0.99,1.69,0.0
0.99,1.74,0.0
0.99,1.79,0.0
0.99,1.84,0.0
0.99,1.89,0.0
0.99,1.94,0.0
1.04,-1.96,0.0
1.04,-1.91,0.0
1.04,-1.86,0.0
1.04,-1.81,0.0
1.04,-1.76,0.0
1.04,-1.71,0.0
1.04,-1.66,0.0
1.04,-1.61,0.0
1.04,-1.56,0.0
1.04,-1.51,0.0
1.04,-1.46,0.0
1.04,-1.41,0.0
1.04,-1.36,0.0
1.04,-1.31,0.0
1.04,-1.26,0.0
1.04,-1.21,0.0
1.04,-1.16,0.0
1.04,-1.11,0.0
1.04,-1.06,0.0
1.04,-1.01,0.0
1.04,-0.96,0.0
1.04,-0.91,0.0
1.04,-0.86,0.0
1.04,-0.81,0.0
1.04,-0.76,0.0
1.04,-0.71,0.0
1.04,-0.66,0.0
1.04,-0.61,0.0
1.04,-0.56,0.0
1.04,-0.51,0.0
1.04,-0.46,0.0
1.04,-0.41,0.0
1.04,-0.36,0.0
1.04,-0.31,0.0
1.04,-0.26,0.0
1.04,-0.21,0.0
1.04,-0.16,0.0
1.04,-0.11,0.0
1.04,-0.06,0.0
1.04,-0.01,0.0
1.04,0.04,0.0
1.04,0.09,0.0
1.04,0.14,0.0
1.04,0.19,0.0
1.04,0.24,0.0
1.04,0.29,0.0
1.04,0.34,0.0
1.04,0.39,0.0
1.04,0.44,0.0
1.04,0.49,0.0
1.04,0.54,0.0
1.04,0.59,0.0
1.04,0.64,0.0
1.04,0.69,0.0
1.04,0.74,0.0
1.04,0.79,0.0
1.04,0.84,0.0
1.04,0.89,0.0
1.04,0.94,0.0
1.04,0.99,0.0
1.04,1.04,0.0
1.04,1.09,0.0
1.04,1.14,0.0
1.04,1.19,0.0
1.04,1.24,0.0
1.04,1.29,0.0
1.04,1.34,0.0
1.04,1.39,0.0
1.04,1.44,0.0
1.04,1.49,0.0
1.04,1.54,0.0
1.04,1.59,0.0
1.04,1.64,0.0
1.04,1.69,0.0
1.04,1.74,0.0
1.04,1.79,0.0
1.04,1.84,0.0
1.04,1.89,0.0
1.04,1.94,0.0
1.09,-1.91,0.0
1.09,-1.86,0.0
1.09,-1.81,0.0
1.09,-1.76,0.0
1.09,-1.71,0.0
1.09,-1.66,0.0
1.09,-1.61,0.0
1.09,-1.56,0.0
1.09,-1.51,0.0
1.09,-1.46,0.0
1.09,-1.41,0.0
1.09,-1.36,0.0
1.09,-1.31,0.0
1.09,-1.26,0.0
1.09,-1.21,0.0
1.09,-1.16,0.0
1.09,-1.11,0.0
1.09,-1.06,0.0
1.09,-1.01,0.0
1.09,-0.96,0.0
1.09,-0.91,0.0
1.09,-0.86,0.0
1.09,-0.81,0.0
1.09,-0.76,0.0
1.09,-0.71,0.0
1.09,-0.66,0.0
1.09,-0.61,0.0
1.09,-0.56,0.0
1.09,-0.51,0.0
1.09,-0.46,0.0
1.09,-0.41,0.0
1.09,-0.36,0.0
1.09,-0.31,0.0
1.09,-0.26,0.0
1.09,-0.21,0.0
1.09,-0.16,0.0
1.09,-0.11,0.0
1.09,-0.06,0.0
1.09,-0.01,0.0
1.09,0.04,0.0
1.09,0.09,0.0
1.09,0.14,0.0
1.09,0.19,0.0
1.09,0.24,0.0
1.09,0.29,0.0
1.09,0.34,0.0
1.09,0.39,0.0
1.09,0.44,0.0
1.09,0.49,0.0
1.09,0.54,0.0
1.09,0.59,0.0
1.09,0.64,0.0
1.09,0.69,0.0
1.09,0.74,0.0
1.09,0.79,0.0
1.09,0.84,0.0
1.09,0.89,0.0
1.09,0.94,0.0
1.09,0.99,0.0
1.09,1.04,0.0
1.09,1.09,0.0
1.09,1.14,0.0
1.09,1.19,0.0
1.09,1.24,0.0
1.09,1.29,0.0
1.09,1.34,0.0
1.09,1.39,0.0
1.09,1.44,0.0
1.09,1.49,0.0
1.09,1.54,0.0
1.09,1.59,0.0
1.09,1.64,0.0
1.09,1.69,0.0
1.09,1.74,0.0
1.09,1.79,0.0
1.09,1.84,0.0
1.09,1.89,0.0
1.09,1.94,0.0
1.14,-1.91,0.0
1.14,-1.86,0.0
1.14,-1.81,0.0
1.14,-1.76,0.0
1.14,-1.71,0.0
1.14,-1.66,0.0
1.14,-1.61,0.0
1.14,-1.56,0.0
1.14,-1.51,0.0
1.14,-1.46,0.0
1.14,-1.41,0.0
1.14,-1.36,0.0
1.14,-1.31,0.0
1.14,-1.26,0.0
1.14,-1.21,0.0
1.14,-1.16,0.0
1.14,-1.11,0.0
1.14,-1.06,0.0
1.14,-1.01,0.0
1.14,-0.96,0.0
1.14,-0.91,0.0
1.14,-0.86,0.0
1.14,-0.81,0.0
1.14,-0.76,0.0
1.14,-0.71,0.0
1.14,-0.66,0.0
1.14,-0.61,0.0
1.14,-0.56,0.0
1.14,-0.51,0.0
1.14,-0.46,0.0
1.14,-0.41,0.0
1.14,-0.36,0.0
1.14,-0.31,0.0
1.14,-0.26,0.0
1.14,-0.21,0.0
1.14,-0.16,0.0
1.14,-0.11,0.0
1.14,-0.06,0.0
1.14,-0.01,0.0
1.14,0.04,0.0
1.14,0.09,0.0
1.14,0.14,0.0
1.14,0.19,0.0
1.14,0.24,0.0
1.14,0.29,0.0
1.14,0.34,0.0
1.14,0.39,0.0
1.14,0.44,0.0
1.14,0.49,0.0
1.14,0.54,0.0
1.14,0.59,0.0
1.14,0.64,0.0
1.14,0.69,0.0
1.14,0.74,0.0
1.14,0.79,0.0
1.14,0.84,0.0
1.14,0.89,0.0
1.14,0.94,0.0
1.14,0.99,0.0
1.14,1.04,0.0
1.14,1.09,0.0
1.14,1.14,0.0
1.14,1.19,0.0
1.14,1.24,0.0
1.14,1.29,0.0
1.14,1.34,0.0
1.14,1.39,0.0
1.14,1.44,0.0
1.14,1.49,0.0
1.14,1.54,0.0
1.14,1.59,0.0
1.14,1.64,0.0
1.14,1.69,0.0
1.14,1.74,0.0
1.14,1.79,0.0
1.14,1.84,0.0
1.14,1.89,0.0
1.19,-1.86,0.0
1.19,-1.81,0.0
1.19,-1.76,0.0
1.19,-1.71,0.0
1.19,-1.66,0.0
1.19,-1.61,0.0
1.19,-1.56,0.0
1.19,-1.51,0.0
1.19,-1.46,0.0
1.19,-1.41,0.0
1.19,-1.36,0.0
1.19,-1.31,0.0
1.19,-1.26,0.0
1.19,-1.21,0.0
1.19,-1.16,0.0
1.19,-1.11,0.0
1.19,-1.06,0.0
1.19,-1.01,0.0
1.19,-0.96,0.0
1.19,-0.91,0.0
1.19,-0.86,0.0
1.19,-0.81,0.0
1.19,-0.76,0.0
1.19,-0.71,0.0
1.19,-0.66,0.0
1.19,-0.61,0.0
1.19,-0.56,0.0
1.19,-0.51,0.0
1.19,-0.46,0.0
1.19,-0.41,0.0
1.19,-0.36,0.0
1.19,-0.31,0.0
1.19,-0.26,0.0
1.19,-0.21,0.0
1.19,-0.16,0.0
1.19,-0.11,0.0
1.19,-0.06,0.0
1.19,-0.01,0.0
1.19,0.04,0.0
1.19,0.09,0.0
1.19,0.14,0.0
1.19,0.19,0.0
1.19,0.24,0.0
1.19,0.29,0.0
1.19,0.34,0.0
1.19,0.39,0.0
1.19,0.44,0.0
1.19,0.49,0.0
1.19,0.54,0.0
1.19,0.59,0.0
1.19,0.64,0.0
1.19,0.69,0.0
1.19,0.74,0.0
1.19,0.79,0.0
1.19,0.84,0.0
1.19,0.89,0.0
1.19,0.94,0.0
1.19,0.99,0.0
1.19,1.04,0.0
1.19,1.09,0.0
1.19,1.14,0.0
1.19,1.19,0.0
1.19,1.24,0.0
1.19,1.29,0.0
1.19,1.34,0.0
1.19,1.39,0.0
1.19,1.44,0.0
1.19,1.49,0.0
1.19,1.54,0.0
1.19,1.59,0.0
1.19,1.64,0.0
1.19,1.69,0.0
1.19,1.74,0.0
1.19,1.79,0.0
1.19,1.84,0.0
1.19,1.89,0.0
1.24,-1.86,0.0
1.24,-1.81,0.0
1.24,-1.76,0.0
1.24,-1.71,0.0
1.24,-1.66,0.0
1.24,-1.61,0.0
1.24,-1.56,0.0
1.24,-1.51,0.0
1.24,-1.46,0.0
1.24,-1.41,0.0
1.24,-1.36,0.0
1.24,-1.31,0.0
1.24,-1.26,0.0
1.24,-1.21,0.0
1.24,-1.16,0.0
1.24,-1.11,0.0
1.24,-1.06,0.0
1.24,-1.01,0.0
1.24,-0.96,0.0
1.24,-0.91,0.0
1.24,-0.86,0.0
1.24,-0.81,0.0
1.24,-0.76,0.0
1.24,-0.71,0.0
1.24,-0.66,0.0
1.24,-0.61,0.0
1.24,-0.56,0.0
1.24,-0.51,0.0
1.24,-0.46,0.0
1.24,-0.41,0.0
1.24,-0.36,0.0
1.24,-0.31,0.0
1.24,-0.26,0.0
1.24,-0.21,0.0
1.24,-0.16,0.0
1.24,-0.11,0.0
1.24,-0.06,0.0
1.24,-0.01,0.0
1.24,0.04,0.0
1.24,0.09,0.0
1.24,0.14,0.0
1.24,0.19,0.0
1.24,0.24,0.0
1.24,0.29,0.0
1.24,0.34,0.0
1.24,0.39,0.0
1.24,0.44,0.0
1.24,0.49,0.0
1.24,0.54,0.0
1.24,0.59,0.0
1.24,0.64,0.0
1.24,0.69,0.0
1.24,0.74,0.0
1.24,0.79,0.0
1.24,0.84,0.0
1.24,0.89,0.0
1.24,0.94,0.0
1.24,0.99,0.0
1.24,1.04,0.0
1.24,1.09,0.0
1.24,1.14,0.0
1.24,1.19,0.0
1.24,1.24,0.0
1.24,1.29,0.0
1.24,1.34,0.0
1.24,1.39,0.0
1.24,1.44,0.0
1.24,1.49,0.0
1.24,1.54,0.0
1.24,1.59,0.0
1.24,1.64,0.0
1.24,1.69,0.0
1.24,1.74,0.0
1.24,1.79,0.0
1.24,1.84,0.0
1.29,-1.86,0.0
1.29,-1.81,0.0
1.29,-1.76,0.0
1.29,-1.71,0.0
1.29,-1.66,0.0
1.29,-1.61,0.0
1.29,-1.56,0.0
1.29,-1.51,0.0
1.29,-1.46,0.0
1.29,-1.41,0.0
1.29,-1.36,0.0
1.29,-1.31,0.0
1.29,-1.26,0.0
1.29,-1.21,0.0
1.29,-1.16,0.0
1.29,-1.11,0.0
1.29,-1.06,0.0
1.29,-1.01,0.0
1.29,-0.96,0.0
1.29,-0.91,0.0
1.29,-0.86,0.0
1.29,-0.81,0.0
1.29,-0.76,0.0
1.29,-0.71,0.0
1.29,-0.66,0.0
1.29,-0.61,0.0
1.29,-0.56,0.0
1.29,-0.51,0.0
1.29,-0.46,0.0
1.29,-0.41,0.0
1.29,-0.36,0.0
1.29,-0.31,0.0
1.29,-0.26,0.0
1.29,-0.21,0.0
1.29,-0.16,0.0
1.29,-0.11,0.0
1.29,-0.06,0.0
1.29,-0.01,0.0
1.29,0.04,0.0
1.29,0.09,0.0
1.29,0.14,0.0
1.29,0.19,0.0
1.29,0.24,0.0
1.29,0.29,0.0
1.29,0.34,0.0
1.29,0.39,0.0
1.29,0.44,0.0
1.29,0.49,0.0
1.29,0.54,0.0
1.29,0.59,0.0
1.29,0.64,0.0
1.29,0.69,0.0
1.29,0.74,0.0
1.29,0.79,0.0
1.29,0.84,0.0
1.29,0.89,0.0
1.29,0.94,0.0
1.29,0.99,0.0
1.29,1.04,0.0
1.29,1.09,0.0
1.29,1.14,0.0
1.29,1.19,0.0
1.29,1.24,0.0
1.29,1.29,0.0
1.29,1.34,0.0
1.29,1.39,0.0
1.29,1.44,0.0
1.29,1.49,0.0
1.29,1.54,0.0
1.29,1.59,0.0
1.29,1.64,0.0
1.29,1.69,0.0
1.29,1.74,0.0
1.29,1.79,0.0
1.29,1.84,0.0
1.34,-1.81,0.0
1.34,-1.76,0.0
1.34,-1.71,0.0
1.34,-1.66,0.0
1.34,-1.61,0.0
1.34,-1.56,0.0
1.34,-1.51,0.0
1.34,-1.46,0.0
1.34,-1.41,0.0
1.34,-1.36,0.0
1.34,-1.31,0.0
1.34,-1.26,0.0
1.34,-1.21,0.0
1.34,-1.16,0.0
1.34,-1.11,0.0
1.34,-1.06,0.0
1.34,-1.01,0.0
1.34,-0.96,0.0
1.34,-0.91,0.0
1.34,-0.86,0.0
1.34,-0.81,0.0
1.34,-0.76,0.0
1.34,-0.71,0.0
1.34,-0.66,0.0
1.34,-0.61,0.0
1.34,-0.56,0.0
1.34,-0.51,0.0
1.34,-0.46,0.0
1.34,-0.41,0.0
1.34,-0.36,0.0
1.34,-0.31,0.0
1.34,-0.26,0.0
1.34,-0.21,0.0
1.34,-0.16,0.0
1.34,-0.11,0.0
1.34,-0.06,0.0
1.34,-0.01,0.0
1.34,0.04,0.0
1.34,0.09,0.0
1.34,0.14,0.0
1.34,0.19,0.0
1.34,0.24,0.0
1.34,0.29,0.0
1.34,0.34,0.0
1.34,0.39,0.0
1.34,0.44,0.0
1.34,0.49,0.0
1.34,0.54,0.0
1.34,0.59,0.0
1.34,0.64,0.0
1.34,0.69,0.0
1.34,0.74,0.0
1.34,0.79,0.0
1.34,0.84,0.0
1.34,0.89,0.0
1.34,0.94,0.0
1.34,0.99,0.0
1.34,1.04,0.0
1.34,1.09,0.0
1.34,1.14,0.0
1.34,1.19,0.0
1.34,1.24,0.0
1.34,1.29,0.0
1.34,1.34,0.0
1.34,1.39,0.0
1.34,1.44,0.0
1.34,1.49,0.0
1.34,1.54,0.0
1.34,1.59,0.0
1.34,1.64,0.0
1.34,1.69,0.0
1.34,1.74,0.0
1.34,1.79,0.0
1.34,1.84,0.0
1.39,-1.81,0.0
1.39,-1.76,0.0
1.39,-1.71,0.0
1.39,-1.66,0.0
1.39,-1.61,0.0
1.39,-1.56,0.0
1.39,-1.51,0.0
1.39,-1.46,0.0
1.39,-1.41,0.0
1.39,-1.36,0.0
1.39,-1.31,0.0
1.39,-1.26,0.0
1.39,-1.21,0.0
1.39,-1.16,0.0
1.39,-1.11,0.0
1.39,-1.06,0.0
1.39,-1.01,0.0
1.39,-0.96,0.0
1.39,-0.91,0.0
1.39,-0.86,0.0
1.39,-0.81,0.0
1.39,-0.76,0.0
1.39,-0.71,0.0
1.39,-0.66,0.0
1.39,-0.61,0.0
1.39,-0.56,0.0
1.39,-0.51,0.0
1.39,-0.46,0.0
1.39,-0.41,0.0
1.39,-0.36,0.0
1.39,-0.31,0.0
1.39,-0.26,0.0
1.39,-0.21,0.0
1.39,-0.16,0.0
1.39,-0.11,0.0
1.39,-0.06,0.0
1.39,-0.01,0.0
1.39,0.04,0.0
1.39,0.09,0.0
1.39,0.14,0.0
1.39,0.19,0.0
1.39,0.24,0.0
1.39,0.29,0.0
1.39,0.34,0.0
1.39,0.39,0.0
1.39,0.44,0.0
1.39,0.49,0.0
1.39,0.54,0.0
1.39,0.59,0.0
1.39,0.64,0.0
1.39,0.69,0.0
1.39,0.74,0.0
1.39,0.79,0.0
1.39,0.84,0.0
1.39,0.89,0.0
1.39,0.94,0.0
1.39,0.99,0.0
1.39,1.04,0.0
1.39,1.09,0.0
1.39,1.14,0.0
1.39,1.19,0.0
1.39,1.24,0.0
1.39,1.29,0.0
1.39,1.34,0.0
1.39,1.39,0.0
1.39,1.44,0.0
1.39,1.49,0.0
1.39,1.54,0.0
1.39,1.59,0.0
1.39,1.64,0.0
1.39,1.69,0.0
1.39,1.74,0.0
1.39,1.79,0.0
1.44,-1.76,0.0
1.44,-1.71,0.0
1.44,-1.66,0.0
1.44,-1.61,0.0
1.44,-1.56,0.0
1.44,-1.51,0.0
1.44,-1.46,0.0
1.44,-1.41,0.0
1.44,-1.36,0.0
1.44,-1.31,0.0
1.44,-1.26,0.0
1.44,-1.21,0.0
1.44,-1.16,0.0
1.44,-1.11,0.0
1.44,-1.06,0.0
1.44,-1.01,0.0
1.44,-0.96,0.0
1.44,-0.91,0.0
1.44,-0.86,0.0
1.44,-0.81,0.0
1.44,-0.76,0.0
1.44,-0.71,0.0
1.44,-0.66,0.0
1.44,-0.61,0.0
1.44,-0.56,0.0
1.44,-0.51,0.0
1.44,-0.46,0.0
1.44,-0.41,0.0
1.44,-0.36,0.0
1.44,-0.31,0.0
1.44,-0.26,0.0
1.44,-0.21,0.0
1.44,-0.16,0.0
1.44,-0.11,0.0
1.44,-0.06,0.0
1.44,-0.01,0.0
1.44,0.04,0.0
1.44,0.09,0.0
1.44,0.14,0.0
1.44,0.19,0.0
1.44,0.24,0.0
1.44,0.29,0.0
1.44,0.34,0.0
1.44,0.39,0.0
1.44,0.44,0.0
1.44,0.49,0.0
1.44,0.54,0.0
1.44,0.59,0.0
1.44,0.64,0.0
1.44,0.69,0.0
1.44,0.74,0.0
1.44,0.79,0.0
1.44,0.84,0.0
1.44,0.89,0.0
1.44,0.94,0.0
1.44,0.99,0.0
1.44,1.04,0.0
1.44,1.09,0.0
1.44,1.14,0.0
1.44,1.19,0.0
1.44,1.24,0.0
1.44,1.29,0.0
1.44,1.34,0.0
1.44,1.39,0.0
1.44,1.44,0.0
1.44,1.49,0.0
1.44,1.54,0.0
1.44,1.59,0.0
1.44,1.64,0.0
1.44,1.69,0.0
1.44,1.74,0.0
1.44,1.79,0.0
1.49,-1.76,0.0
1.49,-1.71,0.0
1.49,-1.66,0.0
1.49,-1.61,0.0
1.49,-1.56,0.0
1.49,-1.51,0.0
1.49,-1.46,0.0
1.49,-1.41,0.0
1.49,-1.36,0.0
1.49,-1.31,0.0
1.49,-1.26,0.0
1.49,-1.21,0.0
1.49,-1.16,0.0
1.49,-1.11,0.0
1.49,-1.06,0.0
1.49,-1.01,0.0
1.49,-0.96,0.0
1.49,-0.91,0.0
1.49,-0.86,0.0
1.49,-0.81,0.0
1.49,-0.76,0.0
1.49,-0.71,0.0
1.49,-0.66,0.0
1.49,-0.61,0.0
1.49,-0.56,0.0
1.49,-0.51,0.0
1.49,-0.46,0.0
1.49,-0.41,0.0
1.49,-0.36,0.0
1.49,-0.31,0.0
1.49,-0.26,0.0
1.49,-0.21,0.0
1.49,-0.16,0.0
1.49,-0.11,0.0
1.49,-0.06,0.0
1.49,-0.01,0.0
1.49,0.04,0.0
1.49,0.09,0.0
1.49,0.14,0.0
1.49,0.19,0.0
1.49,0.24,0.0
1.49,0.29,0.0
1.49,0.34,0.0
1.49,0.39,0.0
1.49,0.44,0.0
1.49,0.49,0.0
1.49,0.54,0.0
1.49,0.59,0.0
1.49,0.64,0.0
1.49,0.69,0.0
1.49,0.74,0.0
1.49,0.79,0.0
1.49,0.84,0.0
1.49,0.89,0.0
1.49,0.94,0.0
1.49,0.99,0.0
1.49,1.04,0.0
1.49,1.09,0.0
1.49,1.14,0.0
1.49,1.19,0.0
1.49,1.24,0.0
1.49,1.29,0.0
1.49,1.34,0.0
1.49,1.39,0.0
1.49,1.44,0.0
1.49,1.49,0.0
1.49,1.54,0.0
1.49,1.59,0.0
1.49,1.64,0.0
1.49,1.69,0.0
1.49,1.74,0.0
1.54,-1.76,0.0
1.54,-1.71,0.0
1.54,-1.66,0.0
1.54,-1.61,0.0
1.54,-1.56,0.0
1.54,-1.51,0.0
1.54,-1.46,0.0
1.54,-1.41,0.0
1.54,-1.36,0.0
1.54,-1.31,0.0
1.54,-1.26,0.0
1.54,-1.21,0.0
1.54,-1.16,0.0
1.54,-1.11,0.0
1.54,-1.06,0.0
1.54,-1.01,0.0
1.54,-0.96,0.0
1.54,-0.91,0.0
1.54,-0.86,0.0
1.54,-0.81,0.0
1.54,-0.76,0.0
1.54,-0.71,0.0
1.54,-0.66,0.0
1.54,-0.61,0.0
1.54,-0.56,0.0
1.54,-0.51,0.0
1.54,-0.46,0.0
1.54,-0.41,0.0
1.54,-0.36,0.0
1.54,-0.31,0.0
1.54,-0.26,0.0
1.54,-0.21,0.0
1.54,-0.16,0.0
1.54,-0.11,0.0
1.54,-0.06,0.0
1.54,-0.01,0.0
1.54,0.04,0.0
1.54,0.09,0.0
1.54,0.14,0.0
1.54,0.19,0.0
1.54,0.24,0.0
1.54,0.29,0.0
1.54,0.34,0.0
1.54,0.39,0.0
1.54,0.44,0.0
1.54,0.49,0.0
1.54,0.54,0.0
1.54,0.59,0.0
1.54,0.64,0.0
1.54,0.69,0.0
1.54,0.74,0.0
1.54,0.79,0.0
1.54,0.84,0.0
1.54,0.89,0.0
1.54,0.94,0.0
1.54,0.99,0.0
1.54,1.04,0.0
1.54,1.09,0.0
1.54,1.14,0.0
1.54,1.19,0.0
1.54,1.24,0.0
1.54,1.29,0.0
1.54,1.34,0.0
1.54,1.39,0.0
1.54,1.44,0.0
1.54,1.49,0.0
1.54,1.54,0.0
1.54,1.59,0.0
1.54,1.64,0.0
1.54,1.69,0.0
1.54,1.74,0.0
1.59,-1.71,0.0
1.59,-1.66,0.0
1.59,-1.61,0.0
1.59,-1.56,0.0
1.59,-1.51,0.0
1.59,-1.46,0.0
1.59,-1.41,0.0
1.59,-1.36,0.0
1.59,-1.31,0.0
1.59,-1.26,0.0
1.59,-1.21,0.0
1.59,-1.16,0.0
1.59,-1.11,0.0
1.59,-1.06,0.0
1.59,-1.01,0.0
1.59,-0.96,0.0
1.59,-0.91,0.0
1.59,-0.86,0.0
1.59,-0.81,0.0
1.59,-0.76,0.0
1.59,-0.71,0.0
1.59,-0.66,0.0
1.59,-0.61,0.0
1.59,-0.56,0.0
1.59,-0.51,0.0
1.59,-0.46,0.0
1.59,-0.41,0.0
1.59,-0.36,0.0
1.59,-0.31,0.0
1.59,-0.26,0.0
1.59,-0.21,0.0
1.59,-0.16,0.0
1.59,-0.11,0.0
1.59,-0.06,0.0
1.59,-0.01,0.0
1.59,0.04,0.0
1.59,0.09,0.0
1.59,0.14,0.0
1.59,0.19,0.0
1.59,0.24,0.0
1.59,0.29,0.0
1.59,0.34,0.0
1.59,0.39,0.0
1.59,0.44,0.0
1.59,0.49,0.0
1.59,0.54,0.0
1.59,0.59,0.0
1.59,0.64,0.0
1.59,0.69,0.0
1.59,0.74,0.0
1.59,0.79,0.0
1.59,0.84,0.0
1.59,0.89,0.0
1.59,0.94,0.0
1.59,0.99,0.0
1.59,1.04,0.0
1.59,1.09,0.0
1.59,1.14,0.0
1.59,1.19,0.0
1.59,1.24,0.0
1.59,1.29,0.0
1.59,1.34,0.0
1.59,1.39,0.0
1.59,1.44,0.0
1.59,1.49,0.0
1.59,1.54,0.0
1.59,1.59,0.0
1.59,1.64,0.0
1.59,1.69,0.0
1.59,1.74,0.0
1.64,-1.71,0.0
1.64,-1.66,0.0
1.64,-1.61,0.0
1.64,-1.56,0.0
1.64,-1.51,0.0
1.64,-1.46,0.0
1.64,-1.41,0.0
1.64,-1.36,0.0
1.64,-1.31,0.0
1.64,-1.26,0.0
1.64,-1.21,0.0
1.64,-1.16,0.0
1.64,-1.11,0.0
1.64,-1.06,0.0
1.64,-1.01,0.0
1.64,-0.96,0.0
1.64,-0.91,0.0
1.64,-0.86,0.0
1.64,-0.81,0.0
1.64,-0.76,0.0
1.64,-0.71,0.0
1.64,-0.66,0.0
1.64,-0.61,0.0
1.64,-0.56,0.0
1.64,-0.51,0.0
1.64,-0.46,0.0
1.64,-0.41,0.0
1.64,-0.36,0.0
1.64,-0.31,0.0
1.64,-0.26,0.0
1.64,-0.21,0.0
1.64,-0.16,0.0
1.64,-0.11,0.0
1.64,-0.06,0.0
1.64,-0.01,0.0
1.64,0.04,0.0
1.64,0.09,0.0
1.64,0.14,0.0
1.64,0.19,0.0
1.64,0.24,0.0
1.64,0.29,0.0
1.64,0.34,0.0
1.64,0.39,0.0
1.64,0.44,0.0
1.64,0.49,0.0
1.64,0.54,0.0
1.64,0.59,0.0
1.64,0.64,0.0
1.64,0.69,0.0
1.64,0.74,0.0
1.64,0.79,0.0
1.64,0.84,0.0
1.64,0.89,0.0
1.64,0.94,0.0
1.64,0.99,0.0
1.64,1.04,0.0
1.64,1.09,0.0
1.64,1.14,0.0
1.64,1.19,0.0
1.64,1.24,0.0
1.64,1.29,0.0
1.64,1.34,0.0
1.64,1.39,0.0
1.64,1.44,0.0
1.64,1.49,0.0
1.64,1.54,0.0
1.64,1.59,0.0
1.64,1.64,0.0
1.64,1.69,0.0
1.69,-1.66,0.0
1.69,-1.61,0.0
1.69,-1.56,0.0
1.69,-1.51,0.0
1.69,-1.46,0.0
1.69,-1.41,0.0
1.69,-1.36,0.0
1.69,-1.31,0.0
1.69,-1.26,0.0
1.69,-1.21,0.0
1.69,-1.16,0.0
1.69,-1.11,0.0
1.69,-1.06,0.0
1.69,-1.01,0.0
1.69,-0.96,0.0
1.69,-0.91,0.0
1.69,-0.86,0.0
1.69,-0.81,0.0
1.69,-0.76,0.0
1.69,-0.71,0.0
1.69,-0.66,0.0
1.69,-0.61,0.0
1.69,-0.56,0.0
1.69,-0.51,0.0
1.69,-0.46,0.0
1.69,-0.41,0.0
1.69,-0.36,0.0
1.69,-0.31,0.0
1.69,-0.26,0.0
1.69,-0.21,0.0
1.69,-0.16,0.0
1.69,-0.11,0.0
1.69,-0.06,0.0
1.69,-0.01,0.0
1.69,0.04,0.0
1.69,0.09,0.0
1.69,0.14,0.0
1.69,0.19,0.0
1.69,0.24,0.0
1.69,0.29,0.0
1.69,0.34,0.0
1.69,0.39,0.0
1.69,0.44,0.0
1.69,0.49,0.0
1.69,0.54,0.0
1.69,0.59,0.0
1.69,0.64,0.0
1.69,0.69,0.0
1.69,0.74,0.0
1.69,0.79,0.0
1.69,0.84,0.0
1.69,0.89,0.0
1.69,0.94,0.0
1.69,0.99,0.0
1.69,1.04,0.0
1.69,1.09,0.0
1.69,1.14,0.0
1.69,1.19,0.0
1.69,1.24,0.0
1.69,1.29,0.0
1.69,1.34,0.0
1.69,1.39,0.0
1.69,1.44,0.0
1.69,1.49,0.0
1.69,1.54,0.0
1.69,1.59,0.0
1.69,1.64,0.0
1.69,1.69,0.0
1.74,-1.56,0.0
1.74,-1.51,0.0
1.74,-1.46,0.0
1.74,-1.41,0.0
1.74,-1.36,0.0
1.74,-1.31,0.0
1.74,-1.26,0.0
1.74,-1.21,0.0
1.74,-1.16,0.0
1.74,-1.11,0.0
1.74,-1.06,0.0
1.74,-1.01,0.0
1.74,-0.96,0.0
1.74,-0.91,0.0
1.74,-0.86,0.0
1.74,-0.81,0.0
1.74,-0.76,0.0
1.74,-0.71,0.0
1.74,-0.66,0.0
1.74,-0.61,0.0
1.74,-0.56,0.0
1.74,-0.51,0.0
1.74,-0.46,0.0
1.74,-0.41,0.0
1.74,-0.36,0.0
1.74,-0.31,0.0
1.74,-0.26,0.0
1.74,-0.21,0.0
1.74,-0.16,0.0
1.74,-0.11,0.0
1.74,-0.06,0.0
1.74,-0.01,0.0
1.74,0.04,0.0
1.74,0.09,0.0
1.74,0.14,0.0
1.74,0.19,0.0
1.74,0.24,0.0
1.74,0.29,0.0
1.74,0.34,0.0
1.74,0.39,0.0
1.74,0.44,0.0
1.74,0.49,0.0
1.74,0.54,0.0
1.74,0.59,0.0
1.74,0.64,0.0
1.74,0.69,0.0
1.74,0.74,0.0
1.74,0.79,0.0
1.74,0.84,0.0
1.74,0.89,0.0
1.74,0.94,0.0
1.74,0.99,0.0
1.74,1.04,0.0
1.74,1.09,0.0
1.74,1.14,0.0
1.74,1.19,0.0
1.74,1.24,0.0
1.74,1.29,0.0
1.74,1.34,0.0
1.74,1.39,0.0
1.74,1.44,0.0
1.74,1.49,0.0
1.74,1.54,0.0
1.74,1.59,0.0
1.79,-1.46,0.0
1.79,-1.41,0.0
1.79,-1.36,0.0
1.79,-1.31,0.0
1.79,-1.26,0.0
1.79,-1.21,0.0
1.79,-1.16,0.0
1.79,-1.11,0.0
1.79,-1.06,0.0
1.79,-1.01,0.0
1.79,-0.96,0.0
1.79,-0.91,0.0
1.79,-0.86,0.0
1.79,-0.81,0.0
1.79,-0.76,0.0
1.79,-0.71,0.0
1.79,-0.66,0.0
1.79,-0.61,0.0
1.79,-0.56,0.0
1.79,-0.51,0.0
1.79,-0.46,0.0
1.79,-0.41,0.0
1.79,-0.36,0.0
1.79,-0.31,0.0
1.79,-0.26,0.0
1.79,-0.21,0.0
1.79,-0.16,0.0
1.79,-0.11,0.0
1.79,-0.06,0.0
1.79,-0.01,0.0
1.79,0.04,0.0
1.79,0.09,0.0
1.79,0.14,0.0
1.79,0.19,0.0
1.79,0.24,0.0
1.79,0.29,0.0
1.79,0.34,0.0
1.79,0.39,0.0
1.79,0.44,0.0
1.79,0.49,0.0
1.79,0.54,0.0
1.79,0.59,0.0
1.79,0.64,0.0
1.79,0.69,0.0
1.79,0.74,0.0
1.79,0.79,0.0
1.79,0.84,0.0
1.79,0.89,0.0
1.79,0.94,0.0
1.79,0.99,0.0
1.79,1.04,0.0
1.79,1.09,0.0
1.79,1.14,0.0
1.79,1.19,0.0
1.79,1.24,0.0
1.79,1.29,0.0
1.79,1.34,0.0
1.79,1.39,0.0
1.79,1.44,0.0
1.84,-1.31,0.0
1.84,-1.26,0.0
1.84,-1.21,0.0
1.84,-1.16,0.0
1.84,-1.11,0.0
1.84,-1.06,0.0
1.84,-1.01,0.0
1.84,-0.96,0.0
1.84,-0.91,0.0
1.84,-0.86,0.0
1.84,-0.81,0.0
1.84,-0.76,0.0
1.84,-0.71,0.0
1.84,-0.66,0.0
1.84,-0.61,0.0
1.84,-0.56,0.0
1.84,-0.51,0.0
1.84,-0.46,0.0
1.84,-0.41,0.0
1.84,-0.36,0.0
1.84,-0.31,0.0
1.84,-0.26,0.0
1.84,-0.21,0.0
1.84,-0.16,0.0
1.84,-0.11,0.0
1.84,-0.06,0.0
1.84,-0.01,0.0
1.84,0.04,0.0
1.84,0.09,0.0
1.84,0.14,0.0
1.84,0.19,0.0
1.84,0.24,0.0
1.84,0.29,0.0
1.84,0.34,0.0
1.84,0.39,0.0
1.84,0.44,0.0
1.84,0.49,0.0
1.84,0.54,0.0
1.84,0.59,0.0
1.84,0.64,0.0
1.84,0.69,0.0
1.84,0.74,0.0
1.84,0.79,0.0
1.84,0.84,0.0
1.84,0.89,0.0
1.84,0.94,0.0
1.84,0.99,0.0
1.84,1.04,0.0
1.84,1.09,0.0
1.84,1.14,0.0
1.84,1.19,0.0
1.84,1.24,0.0
1.84,1.29,0.0
1.84,1.34,0.0
1.89,-1.21,0.0
1.89,-1.16,0.0
1.89,-1.11,0.0
1.89,-1.06,0.0
1.89,-1.01,0.0
1.89,-0.96,0.0
1.89,-0.91,0.0
1.89,-0.86,0.0
1.89,-0.81,0.0
1.89,-0.76,0.0
1.89,-0.71,0.0
1.89,-0.66,0.0
1.89,-0.61,0.0
1.89,-0.56,0.0
1.89,-0.51,0.0
1.89,-0.46,0.0
1.89,-0.41,0.0
1.89,-0.36,0.0
1.89,-0.31,0.0
1.89,-0.26,0.0
1.89,-0.21,0.0
1.89,-0.16,0.0
1.89,-0.11,0.0
1.89,-0.06,0.0
1.89,-0.01,0.0
1.89,0.04,0.0
1.89,0.09,0.0
1.89,0.14,0.0
1.89,0.19,0.0
1.89,0.24,0.0
1.89,0.29,0.0
1.89,0.34,0.0
1.89,0.39,0.0
1.89,0.44,0.0
1.89,0.49,0.0
1.89,0.54,0.0
1.89,0.59,0.0
1.89,0.64,0.0
1.89,0.69,0.0
1.89,0.74,0.0
1.89,0.79,0.0
1.89,0.84,0.0
1.89,0.89,0.0
1.89,0.94,0.0
1.89,0.99,0.0
1.89,1.04,0.0
1.89,1.09,0.0
1.89,1.14,0.0
1.89,1.19,0.0
1.94,-1.06,0.0
1.94,-1.01,0.0
1.94,-0.96,0.0
1.94,-0.91,0.0
1.94,-0.86,0.0
1.94,-0.81,0.0
1.94,-0.76,0.0
1.94,-0.71,0.0
1.94,-0.66,0.0
1.94,-0.61,0.0
1.94,-0.56,0.0
1.94,-0.51,0.0
1.94,-0.46,0.0
1.94,-0.41,0.0
1.94,-0.36,0.0
1.94,-0.31,0.0
1.94,-0.26,0.0
1.94,-0.21,0.0
1.94,-0.16,0.0
1.94,-0.11,0.0
1.94,-0.06,0.0
1.94,-0.01,0.0
1.94,0.04,0.0
1.94,0.09,0.0
1.94,0.14,0.0
1.94,0.19,0.0
1.94,0.24,0.0
1.94,0.29,0.0
1.94,0.34,0.0
1.94,0.39,0.0
1.94,0.44,0.0
1.94,0.49,0.0
1.94,0.54,0.0
1.94,0.59,0.0
1.94,0.64,0.0
1.94,0.69,0.0
1.94,0.74,0.0
1.94,0.79,0.0
1.94,0.84,0.0
1.94,0.89,0.0
1.94,0.94,0.0
1.94,0.99,0.0
1.94,1.04,0.0
1.94,1.09,0.0
1.99,-0.96,0.0
1.99,-0.91,0.0
1.99,-0.86,0.0
1.99,-0.81,0.0
1.99,-0.76,0.0
1.99,-0.71,0.0
1.99,-0.66,0.0
1.99,-0.61,0.0
1.99,-0.56,0.0
1.99,-0.51,0.0
1.99,-0.46,0.0
1.99,-0.41,0.0
1.99,-0.36,0.0
1.99,-0.31,0.0
1.99,-0.26,0.0
1.99,-0.21,0.0
1.99,-0.16,0.0
1.99,-0.11,0.0
1.99,-0.06,0.0
1.99,-0.01,0.0
1.99,0.04,0.0
1.99,0.09,0.0
1.99,0.14,0.0
1.99,0.19,0.0
1.99,0.24,0.0
1.99,0.29,0.0
1.99,0.34,0.0
1.99,0.39,0.0
1.99,0.44,0.0
1.99,0.49,0.0
1.99,0.54,0.0
1.99,0.59,0.0
1.99,0.64,0.0
1.99,0.69,0.0
1.99,0.74,0.0
1.99,0.79,0.0
1.99,0.84,0.0
1.99,0.89,0.0
1.99,0.94,0.0
2.04,-0.86,0.0
2.04,-0.81,0.0
2.04,-0.76,0.0
2.04,-0.71,0.0
2.04,-0.66,0.0
2.04,-0.61,0.0
2.04,-0.56,0.0
2.04,-0.51,0.0
2.04,-0.46,0.0
2.04,-0.41,0.0
2.04,-0.36,0.0
2.04,-0.31,0.0
2.04,-0.26,0.0
2.04,-0.21,0.0
2.04,-0.16,0.0
2.04,-0.11,0.0
2.04,-0.06,0.0
2.04,-0.01,0.0
2.04,0.04,0.0
2.04,0.09,0.0
2.04,0.14,0.0
2.04,0.19,0.0
2.04,0.24,0.0
2.04,0.29,0.0
2.04,0.34,0.0
2.04,0.39,0.0
2.04,0.44,0.0
2.04,0.49,0.0
2.04,0.54,0.0
2.04,0.59,0.0
2.04,0.64,0.0
2.04,0.69,0.0
2.04,0.74,0.0
2.04,0.79,0.0
2.04,0.84,0.0
2.09,-0.71,0.0
2.09,-0.66,0.0
2.09,-0.61,0.0
2.09,-0.56,0.0
2.09,-0.51,0.0
2.09,-0.46,0.0
2.09,-0.41,0.0
2.09,-0.36,0.0
2.09,-0.31,0.0
2.09,-0.26,0.0
2.09,-0.21,0.0
2.09,-0.16,0.0
2.09,-0.11,0.0
2.09,-0.06,0.0
2.09,-0.01,0.0
2.09,0.04,0.0
2.09,0.09,0.0
2.09,0.14,0.0
2.09,0.19,0.0
2.09,0.24,0.0
2.09,0.29,0.0
2.09,0.34,0.0
2.09,0.39,0.0
2.09,0.44,0.0
2.09,0.49,0.0
2.09,0.54,0.0
2.09,0.59,0.0
2.09,0.64,0.0
2.09,0.69,0.0
2.14,-0.61,0.0
2.14,-0.56,0.0
2.14,-0.51,0.0
2.14,-0.46,0.0
2.14,-0.41,0.0
2.14,-0.36,0.0
2.14,-0.31,0.0
2.14,-0.26,0.0
2.14,-0.21,0.0
2.14,-0.16,0.0
2.14,-0.11,0.0
2.14,-0.06,0.0
2.14,-0.01,0.0
2.14,0.04,0.0
2.14,0.09,0.0
2.14,0.14,0.0
2.14,0.19,0.0
2.14,0.24,0.0
2.14,0.29,0.0
2.14,0.34,0.0
2.14,0.39,0.0
2.14,0.44,0.0
2.14,0.49,0.0
2.14,0.54,0.0
2.14,0.59,0.0
2.19,-0.46,0.0
2.19,-0.41,0.0
2.19,-0.36,0.0
2.19,-0.31,0.0
2.19,-0.26,0.0
2.19,-0.21,0.0
2.19,-0.16,0.0
2.19,-0.11,0.0
2.19,-0.06,0.0
2.19,-0.01,0.0
2.19,0.04,0.0
2.19,0.09,0.0
2.19,0.14,0.0
2.19,0.19,0.0
2.19,0.24,0.0
2.19,0.29,0.0
2.19,0.34,0.0
2.19,0.39,0.0
2.19,0.44,0.0
2.19,0.49,0.0
2.24,-0.36,0.0
2.24,-0.31,0.0
2.24,-0.26,0.0
2.24,-0.21,0.0
2.24,-0.16,0.0
2.24,-0.11,0.0
2.24,-0.06,0.0
2.24,-0.01,0.0
2.24,0.04,0.0
2.24,0.09,0.0
2.24,0.14,0.0
2.24,0.19,0.0
2.24,0.24,0.0
2.24,0.29,0.0
2.24,0.34,0.0
2.29,-0.21,0.0
2.29,-0.16,0.0
2.29,-0.11,0.0
2.29,-0.06,0.0
2.29,-0.01,0.0
2.29,0.04,0.0
2.29,0.09,0.0
2.29,0.14,0.0
2.29,0.19,0.0
2.29,0.24,0.0
2.34,-0.11,0.0
2.34,-0.06,0.0
2.34,-0.01,0.0
2.34,0.04,0.0
2.34,0.09,0.0
